date,home_team,away_team,elo_home,elo_away,elo_diff,home_goals_rate,home_conceded_rate,home_points_rate,away_goals_rate,away_conceded_rate,away_points_rate,neutral_venue,host_nation,result,form_home,form_away
2022-06-02,Spain,Portugal,2040,2025,15,1.0,1.0,1.0,1.0,1.0,1.0,0,0,1,-----,-----
2022-06-02,Serbia,Norway,1900,1500,400,1.0,1.0,1.0,1.0,1.0,1.0,0,0,0,-----,-----
2022-06-02,Czech Republic,Switzerland,1500,1945,-445,1.0,1.0,1.0,1.0,1.0,1.0,0,0,2,-----,-----
2022-06-02,Slovenia,Sweden,1820,1500,320,1.0,1.0,1.0,1.0,1.0,1.0,0,0,0,-----,-----
2022-06-03,Belgium,Netherlands,1990,2015,-25,1.0,1.0,1.0,1.0,1.0,1.0,0,0,0,-----,-----
2022-06-03,France,Denmark,2045,1940,105,1.0,1.0,1.0,1.0,1.0,1.0,0,0,0,-----,-----
2022-06-03,Croatia,Austria,1980,1930,50,1.0,1.0,1.0,1.0,1.0,1.0,0,0,0,-----,-----
2022-06-04,Italy,Germany,1985,2010,-25,1.0,1.0,1.0,1.0,1.0,1.0,0,0,1,-----,-----
2022-06-04,Turkey,Faroe Islands,1905,1500,405,1.0,1.0,1.0,1.0,1.0,1.0,0,0,2,-----,-----
2022-06-04,Hungary,England,1500,2035,-535,1.0,1.0,1.0,1.0,1.0,1.0,0,0,2,-----,-----
2022-06-05,Serbia,Slovenia,1900,1820,80,0.0,1.0,0.0,0.0,2.0,0.0,0,0,2,L,L
2022-06-05,Portugal,Switzerland,2025,1945,80,1.0,1.0,1.0,1.0,2.0,0.0,0,0,2,D,L
2022-06-05,Czech Republic,Spain,1500,2040,-540,2.0,1.0,3.0,1.0,1.0,1.0,0,0,1,W,D
2022-06-06,Croatia,France,1980,2045,-65,0.0,3.0,0.0,1.0,2.0,0.0,0,0,1,L,L
2022-06-06,Iceland,Albania,1500,1815,-315,1.0,1.0,1.0,1.0,1.0,1.0,0,0,1,-----,-----
2022-06-06,Austria,Denmark,1930,1940,-10,3.0,0.0,3.0,2.0,1.0,3.0,0,0,0,W,W
2022-06-07,Lithuania,Turkey,1500,1905,-405,1.0,1.0,1.0,4.0,0.0,3.0,0,0,0,-----,W
2022-06-07,Germany,England,2010,2035,-25,1.0,1.0,1.0,0.0,1.0,0.0,0,0,1,D,L
2022-06-07,Italy,Hungary,1985,1500,485,1.0,1.0,1.0,1.0,0.0,3.0,0,0,2,D,W
2022-06-08,Scotland,Armenia,1875,1500,375,1.0,1.0,1.0,1.0,1.0,1.0,0,0,2,-----,-----
2022-06-08,Wales,Netherlands,1500,2015,-515,1.0,1.0,1.0,4.0,1.0,3.0,0,0,0,-----,W
2022-06-08,Belgium,Poland,1990,1500,490,1.0,4.0,0.0,1.0,1.0,1.0,0,0,2,L,-----
2022-06-09,Sweden,Serbia,1500,1836,-336,2.0,0.0,3.0,2.0,1.0,1.5,0,0,0,W,LW
2022-06-09,Switzerland,Spain,1885,2034,-148,0.5,3.0,0.0,1.5,1.5,1.0,0,0,0,LL,DD
2022-06-09,Portugal,Czech Republic,2031,1560,472,2.5,0.5,2.0,2.0,1.5,2.0,0,0,2,DW,WD
2022-06-09,Norway,Slovenia,1500,1743,-243,1.0,0.0,3.0,0.5,3.0,0.0,0,0,1,W,LL
2022-06-10,Denmark,Croatia,1992,1913,79,2.0,1.0,3.0,0.5,2.0,0.5,0,0,0,WW,LD
2022-06-10,Austria,France,1997,1993,4,2.0,1.0,1.5,1.0,1.5,0.5,0,0,1,WL,LD
2022-06-10,Albania,Israel,1815,1500,315,1.0,1.0,1.0,1.0,1.0,1.0,0,0,0,D,-----
2022-06-11,Netherlands,Poland,2073,1500,573,3.0,1.0,3.0,1.0,6.0,0.0,0,0,1,WW,L
2022-06-11,Luxembourg,Turkey,1500,1910,-410,1.0,1.0,1.0,5.0,0.0,3.0,0,0,0,-----,WW
2022-06-11,Hungary,Germany,1563,2014,-452,1.0,1.0,1.5,1.0,1.0,1.0,0,0,1,WL,DD
2022-06-11,Wales,Belgium,1500,1932,-432,1.0,2.0,0.0,3.5,2.5,1.5,0,0,1,L,LW
2022-06-11,England,Italy,1972,1981,-8,0.5,1.0,0.5,1.5,1.0,2.0,0,0,1,LD,DW
2022-06-11,Rep. Of Ireland,Scotland,1500,1875,-375,1.0,1.0,1.0,2.0,0.0,3.0,0,0,2,-----,W
2022-06-12,Spain,Czech Republic,2018,1575,442,1.3333333333333333,1.0,1.6666666666666667,1.3333333333333333,1.6666666666666667,1.3333333333333333,0,0,2,DDW,WDL
2022-06-12,Switzerland,Portugal,1865,2052,-187,0.3333333333333333,2.3333333333333335,0.0,2.3333333333333335,0.3333333333333333,2.3333333333333335,0,0,2,LLL,DWW
2022-06-12,Slovenia,Serbia,1719,1860,-140,0.3333333333333333,2.0,0.3333333333333333,1.6666666666666667,0.6666666666666666,2.0,0,0,1,LLD,LWW
2022-06-13,France,Croatia,1994,1912,83,1.0,1.3333333333333333,0.6666666666666666,0.6666666666666666,1.3333333333333333,1.3333333333333333,0,0,0,LDD,LDW
2022-06-13,Denmark,Austria,2036,1953,82,1.3333333333333333,1.0,2.0,1.6666666666666667,1.0,1.3333333333333333,0,0,2,WWL,WLD
2022-06-14,Netherlands,Wales,2077,1496,581,2.6666666666666665,1.3333333333333333,2.3333333333333335,1.0,1.5,0.5,0,0,2,WWD,LD
2022-06-14,Germany,Italy,2007,1984,22,1.0,1.0,1.0,1.0,0.6666666666666666,1.6666666666666667,0,0,2,DDD,DWD
2022-06-14,Turkey,Lithuania,1927,1500,427,4.0,0.0,3.0,0.0,6.0,0.0,0,0,2,WWW,L
2022-06-14,England,Hungary,1980,1559,421,0.3333333333333333,0.6666666666666666,0.6666666666666666,1.0,1.0,1.3333333333333333,0,0,0,LDD,WLD
2022-06-14,Poland,Belgium,1495,1937,-442,1.5,4.0,0.5,2.6666666666666665,2.0,1.3333333333333333,0,0,0,LD,LWD
2022-06-14,Armenia,Scotland,1500,1880,-380,0.0,2.0,0.0,1.0,1.5,1.5,0,0,0,L,WL
2022-09-21,Scotland,Ukraine,1801,1500,301,2.0,1.3333333333333333,2.0,1.0,1.0,1.0,0,0,2,WLW,-----
2022-09-22,Belgium,Wales,1922,1511,411,2.25,1.5,1.75,1.3333333333333333,2.0,0.3333333333333333,0,0,2,LWDW,LDL
2022-09-22,France,Austria,1998,1950,48,0.75,1.25,0.5,1.25,1.25,1.0,0,0,2,LDDL,WLDL
2022-09-22,Croatia,Denmark,1965,1983,-18,0.75,1.0,1.75,1.5,0.75,2.25,0,0,2,LDWW,WWLW
2022-09-22,Poland,Netherlands,1514,2058,-544,1.0,3.0,0.3333333333333333,2.75,1.5,2.5,0,0,0,LDL,WWDW
2022-09-22,Turkey,Luxembourg,1938,1500,438,3.5,0.0,3.0,0.0,2.0,0.0,0,0,1,WWWW,L
2022-09-23,Germany,Hungary,1991,1575,417,2.0,1.25,1.5,1.75,0.75,1.75,0,0,0,DDDW,WLDW
2022-09-23,Italy,England,1989,1975,15,1.25,1.75,1.25,0.25,1.5,0.5,0,0,2,DWDL,LDDL
2022-09-24,Israel,Albania,1500,1804,-304,2.0,1.0,3.0,1.0,1.5,0.5,0,0,2,W,DL
2022-09-24,Scotland,Rep. Of Ireland,1823,1500,323,2.25,1.0,2.25,3.0,0.0,3.0,0,0,2,WLWW,W
2022-09-24,Czech Republic,Portugal,1572,2055,-482,1.0,1.75,1.0,1.75,0.5,1.75,0,0,0,WDLL,DWWL
2022-09-24,Spain,Switzerland,2047,1836,210,1.5,0.75,2.0,0.5,1.75,0.75,0,0,0,DDWW,LLLW
2022-09-24,Slovenia,Norway,1716,1564,152,0.75,2.0,0.5,0.5,0.0,2.0,0,0,2,LLDD,WD
2022-09-24,Serbia,Sweden,1877,1577,300,1.75,1.0,1.75,1.0,0.5,1.5,0,0,2,LWWD,WL
2022-09-25,Denmark,France,2009,1951,58,1.4,1.0,1.8,1.0,1.0,1.0,0,0,2,WWLWL,LDDLW
2022-09-25,Austria,Croatia,1923,2011,-88,1.0,1.4,0.8,1.0,1.0,2.0,0,0,0,WLDLL,LDWWW
2022-09-25,Faroe Islands,Turkey,1500,1942,-442,0.0,4.0,0.0,3.4,0.6,2.6,0,0,2,L,WWWWD
2022-09-25,Netherlands,Belgium,2059,1932,128,2.6,1.2,2.6,2.2,1.4,2.0,0,0,2,WWDWW,LWDWW
2022-09-26,England,Germany,1876,2025,-149,0.2,1.4,0.4,1.6,1.2,1.2,0,0,1,LDDLL,DDDWL
2022-09-26,Hungary,Italy,1673,1955,-282,1.6,0.6,2.0,1.2,1.4,1.6,0,0,0,WLDWW,DWDLW
2022-09-27,Albania,Iceland,1742,1500,242,1.0,1.6666666666666667,0.3333333333333333,1.0,1.0,1.0,0,0,1,DLL,D
2022-09-27,Norway,Serbia,1567,1874,-306,0.6666666666666666,0.6666666666666666,1.3333333333333333,2.2,1.0,2.0,0,0,0,WDL,LWWDW
2022-09-27,Ukraine,Scotland,1500,1831,-331,0.0,3.0,0.0,2.2,1.0,2.4,0,0,1,L,WLWWW
2022-09-27,Sweden,Slovenia,1560,1720,-160,1.0,1.6666666666666667,1.0,1.0,1.8,1.0,0,0,1,WLL,LLDDW
2022-09-27,Switzerland,Czech Republic,1881,1569,312,0.8,1.6,1.2,0.8,2.2,0.8,0,0,2,LLLWW,WDLLL
2022-09-27,Portugal,Spain,2010,2050,-40,2.2,0.4,2.0,1.4,1.0,1.6,0,0,0,DWWLW,DDWWL
2022-11-20,Qatar,Ecuador,1775,1885,-110,1.0,1.0,1.0,1.0,1.0,1.0,1,0,0,-----,-----
2022-11-21,England,Iran,1858,1890,-32,0.6666666666666666,1.6666666666666667,0.5,1.0,1.0,1.0,1,0,2,DDLLD,-----
2022-11-21,Senegal,Netherlands,1925,2065,-140,1.0,1.0,1.0,2.3333333333333335,1.0,2.6666666666666665,1,0,0,-----,WDWWW
2022-11-21,USA,Wales,1955,1509,446,1.0,1.0,1.0,1.25,2.0,0.25,1,0,1,-----,LDLL
2022-11-22,Mexico,Poland,1950,1504,446,1.0,1.0,1.0,0.75,2.75,0.25,1,0,1,-----,LDLL
2022-11-22,France,Australia,1979,1910,69,0.8333333333333334,1.1666666666666667,0.8333333333333334,1.0,1.0,1.0,1,0,2,DDLWL,-----
2022-11-22,Argentina,Saudi Arabia,2080,1810,270,1.0,1.0,1.0,1.0,1.0,1.0,1,0,0,-----,-----
2022-11-22,Denmark,Tunisia,1985,1860,125,1.5,0.8333333333333334,2.0,1.0,1.0,1.0,1,0,1,WLWLW,-----
2022-11-23,Morocco,Croatia,1965,2035,-70,1.0,1.0,1.0,1.3333333333333333,1.0,2.1666666666666665,1,0,1,-----,DWWWW
2022-11-23,Germany,Japan,1962,1960,2,1.8333333333333333,1.5,1.1666666666666667,1.0,1.0,1.0,1,0,0,DDWLD,-----
2022-11-23,Spain,Costa Rica,1994,1825,169,1.3333333333333333,0.8333333333333334,1.8333333333333333,1.0,1.0,1.0,1,0,2,DWWLW,-----
2022-11-23,Belgium,Canada,1935,1870,65,1.8333333333333333,1.3333333333333333,1.6666666666666667,1.0,1.0,1.0,1,0,2,WDWWL,-----
2022-11-24,Switzerland,Cameroon,1937,1865,72,1.0,1.5,1.5,1.0,1.0,1.0,1,0,2,LLWWW,-----
2022-11-24,Uruguay,South Korea,1970,1920,50,1.0,1.0,1.0,1.0,1.0,1.0,1,0,1,-----,-----
2022-11-24,Portugal,Ghana,2023,1500,523,1.8333333333333333,0.5,1.6666666666666667,1.0,1.0,1.0,1,0,2,WWLWL,-----
2022-11-24,Brazil,Serbia,2050,1882,168,1.0,1.0,1.0,2.1666666666666665,0.8333333333333334,2.1666666666666665,1,0,2,-----,WWDWW
2022-11-25,England,USA,1858,1955,-97,1.4285714285714286,1.7142857142857142,0.8571428571428571,1.0,1.0,1.0,1,0,1,DLLDW,D
2022-11-25,Netherlands,Ecuador,2079,1885,194,2.2857142857142856,0.8571428571428571,2.7142857142857144,2.0,0.0,3.0,1,0,1,DWWWW,W
2022-11-25,Wales,Iran,1506,1890,-384,1.2,1.8,0.4,2.0,6.0,0.0,1,0,0,LDLLD,L
2022-11-25,Qatar,Senegal,1775,1925,-150,0.0,2.0,0.0,0.0,2.0,0.0,1,0,0,L,L
2022-11-26,Tunisia,Australia,1860,1910,-50,0.0,0.0,1.0,1.0,4.0,0.0,1,0,0,D,L
2022-11-26,Poland,Saudi Arabia,1499,1810,-311,0.6,2.2,0.4,2.0,1.0,3.0,1,0,2,LDLLD,W
2022-11-26,France,Denmark,1949,2015,-65,1.2857142857142858,1.1428571428571428,1.1428571428571428,1.2857142857142858,0.7142857142857143,1.8571428571428572,1,0,2,DLWLW,LWLWD
2022-11-26,Argentina,Mexico,2080,1950,130,1.0,2.0,0.0,0.0,0.0,1.0,1,0,2,L,D
2022-11-27,Croatia,Canada,2073,1870,203,1.1428571428571428,0.8571428571428571,2.0,0.0,1.0,0.0,1,0,2,WWWWD,L
2022-11-27,Spain,Germany,2040,1962,77,2.142857142857143,0.7142857142857143,2.0,1.7142857142857142,1.5714285714285714,1.0,1,0,1,WWLWW,DWLDL
2022-11-27,Japan,Costa Rica,1960,1825,135,2.0,1.0,3.0,0.0,7.0,0.0,1,0,0,W,L
2022-11-27,Belgium,Morocco,1921,1965,-44,1.7142857142857142,1.1428571428571428,1.8571428571428572,0.0,0.0,1.0,1,0,0,DWWLW,D
2022-11-28,Cameroon,Serbia,1865,1900,-35,0.0,1.0,0.0,1.8571428571428572,1.0,1.8571428571428572,1,0,1,L,WDWWL
2022-11-28,South Korea,Ghana,1920,1500,420,0.0,0.0,1.0,2.0,3.0,0.0,1,0,0,D,L
2022-11-28,Brazil,Switzerland,2050,1941,109,2.0,0.0,3.0,1.0,1.2857142857142858,1.7142857142857142,1,0,2,W,LWWWW
2022-11-28,Portugal,Uruguay,1977,1970,7,2.0,0.7142857142857143,1.8571428571428572,0.0,0.0,1.0,1,0,2,WLWLW,D
2022-11-29,Wales,England,1523,1915,-392,1.0,1.8333333333333333,0.3333333333333333,1.25,1.5,0.875,1,0,0,DLLDL,LLDWD
2022-11-29,Netherlands,Qatar,2104,1746,358,2.125,0.875,2.5,0.5,2.5,0.0,1,0,2,WWWWD,LL
2022-11-29,Ecuador,Senegal,1914,1901,14,1.5,0.5,2.0,1.5,1.5,1.5,1,0,0,WD,LW
2022-11-29,Iran,USA,1833,1938,-105,2.0,3.0,1.5,0.5,0.5,1.0,1,0,0,LW,DD
2022-11-30,Saudi Arabia,Mexico,1866,1933,-67,1.0,1.5,1.5,0.0,1.0,0.5,1,0,0,WL,DL
2022-11-30,Poland,Argentina,1516,2024,-508,0.8333333333333334,1.8333333333333333,0.8333333333333334,1.5,1.0,1.5,1,0,0,DLLDW,LW
2022-11-30,Australia,Denmark,1868,2006,-139,1.0,2.0,1.5,1.25,0.875,1.625,1,0,2,LW,WLWDL
2022-11-30,Tunisia,France,1868,1991,-123,0.0,0.5,0.5,1.375,1.125,1.375,1,0,2,DL,LWLWW
2022-12-01,Croatia,Belgium,2067,1950,117,1.5,0.875,2.125,1.5,1.25,1.625,1,0,1,WWWDW,WWLWL
2022-12-01,Canada,Morocco,1841,1971,-130,0.5,2.5,0.0,1.0,0.0,2.0,1,0,0,LL,DW
2022-12-01,Japan,Spain,1994,2067,-73,1.0,1.0,1.5,2.0,0.75,1.875,1,0,2,WL,WLWWD
2022-12-01,Costa Rica,Germany,1797,1928,-131,0.5,3.5,1.5,1.625,1.5,1.0,1,0,0,LW,WLDLD
2022-12-02,South Korea,Portugal,1923,1981,-58,1.0,1.5,0.5,2.0,0.625,2.0,1,0,2,DL,LWLWW
2022-12-02,Ghana,Uruguay,1496,1967,-471,2.5,2.5,1.5,0.0,1.0,0.5,1,0,0,LW,DL
2022-12-02,Serbia,Switzerland,1875,1968,-93,2.0,1.25,1.75,0.875,1.25,1.5,1,0,0,DWWLD,WWWWL
2022-12-02,Cameroon,Brazil,1838,2075,-236,1.5,2.0,0.5,1.5,0.0,3.0,1,0,2,LD,WW
2022-12-03,Argentina,Australia,2055,1902,154,1.6666666666666667,0.6666666666666666,2.0,1.0,1.3333333333333333,2.0,1,0,2,LWW,LWW
2022-12-03,Netherlands,USA,2094,1937,157,2.111111111111111,0.7777777777777778,2.5555555555555554,0.6666666666666666,0.3333333333333333,1.6666666666666667,1,0,2,WWWDW,DDW
2022-12-04,France,Poland,2027,1590,437,1.2222222222222223,1.1111111111111112,1.2222222222222223,0.7142857142857143,1.8571428571428572,0.7142857142857143,1,0,2,WLWWL,LLDWL
2022-12-04,England,Senegal,1917,1925,-8,1.4444444444444444,1.3333333333333333,1.1111111111111112,1.6666666666666667,1.3333333333333333,2.0,1,0,2,LDWDW,LWW
2022-12-05,Japan,Croatia,1943,2087,-144,1.3333333333333333,1.0,2.0,1.3333333333333333,0.7777777777777778,2.0,1,0,1,WLW,WWDWD
2022-12-05,Brazil,South Korea,2099,1860,238,1.0,0.3333333333333333,2.0,1.3333333333333333,1.3333333333333333,1.3333333333333333,1,0,2,WWL,DLW
2022-12-06,Morocco,Spain,2010,2060,-49,1.3333333333333333,0.3333333333333333,2.3333333333333335,1.8888888888888888,0.8888888888888888,1.6666666666666667,1,0,1,DWW,LWWDL
2022-12-06,Portugal,Switzerland,2021,1944,77,1.8888888888888888,0.7777777777777778,1.7777777777777777,1.1111111111111112,1.3333333333333333,1.6666666666666667,1,0,2,WLWWL,WWWLW
2022-12-09,Croatia,Brazil,2078,2043,34,1.3,0.8,1.9,1.75,0.5,2.25,1,0,1,WDWDD,WWLW
2022-12-09,Netherlands,Argentina,2103,2061,42,2.2,0.8,2.6,1.75,0.75,2.25,1,0,1,WWDWW,LWWW
2022-12-10,England,France,1925,1976,-51,1.6,1.2,1.3,1.4,1.1,1.4,1,0,0,DWDWW,LWWLW
2022-12-10,Morocco,Portugal,2027,1973,55,1.0,0.25,2.0,2.3,0.8,1.9,1,0,2,DWWD,LWWLW
2022-12-13,Argentina,Croatia,2083,2073,11,1.8,1.0,2.0,1.4,0.6,2.0,1,0,2,LWWWD,DWDDD
2022-12-14,France,Morocco,1984,2027,-43,1.5,1.0,1.7,1.0,0.2,2.2,1,0,2,WWLWW,DWWDW
2022-12-17,Croatia,Morocco,2073,2061,12,1.3,0.8,1.9,0.8333333333333334,0.5,1.8333333333333333,1,0,2,WDDDL,WWDWL
2022-12-18,Argentina,France,2086,2017,69,2.0,0.8333333333333334,2.1666666666666665,1.6,0.9,1.9,1,0,1,WWWDW,WLWWW
2023-01-26,USA,Serbia,1962,1873,89,0.75,1.0,1.25,2.0,1.4444444444444444,1.5555555555555556,0,1,0,DDWL,WWLDL
2023-01-29,USA,Colombia,1936,1975,-39,0.8,1.2,1.0,1.0,1.0,1.0,0,1,1,DDWLL,-----
2023-03-11,Jamaica,Trinidad and Tobago,1800,1500,300,1.0,1.0,1.0,1.0,1.0,1.0,0,0,0,-----,-----
2023-03-13,Guatemala,Panama,1500,1830,-330,1.0,1.0,1.0,1.0,1.0,1.0,0,0,1,-----,-----
2023-03-15,Jamaica,Trinidad and Tobago,1800,1500,300,0.0,1.0,0.0,1.0,0.0,3.0,0,0,1,L,W
2023-03-23,Argentina,Panama,2132,1830,302,2.142857142857143,1.1428571428571428,2.0,1.0,1.0,1.0,0,0,2,WWDWD,D
2023-03-23,Iran,Russia,1845,1500,345,1.3333333333333333,2.3333333333333335,1.0,1.0,1.0,1.0,0,0,1,LWL,-----
2023-03-23,El Salvador,Honduras,1500,1780,-280,1.0,1.0,1.0,1.0,1.0,1.0,0,0,0,-----,-----
2023-03-23,New Zealand,China,1720,1500,220,1.0,1.0,1.0,1.0,1.0,1.0,0,0,1,-----,-----
2023-03-24,Australia,Ecuador,1942,1924,18,1.0,1.5,1.5,1.3333333333333333,1.0,1.3333333333333333,0,0,2,LWWL,WDL
2023-03-24,Japan,Uruguay,1988,1927,61,1.25,1.0,1.75,0.6666666666666666,0.6666666666666666,1.3333333333333333,0,0,1,WLWD,DLW
2023-03-24,South Korea,Colombia,1909,1975,-66,1.25,2.0,1.0,0.0,0.0,1.0,0,0,1,DLWL,D
2023-03-24,Uzbekistan,Bolivia,1770,1785,-15,1.0,1.0,1.0,1.0,1.0,1.0,0,0,2,-----,-----
2023-03-24,Saudi Arabia,Venezuela,1792,1790,2,1.0,1.6666666666666667,1.0,1.0,1.0,1.0,0,0,0,WLL,-----
2023-03-25,Morocco,Brazil,2013,2073,-60,0.8571428571428571,0.7142857142857143,1.5714285714285714,1.6,0.6,2.0,0,0,2,WDWLL,WWLWD
2023-03-25,Indonesia,Burundi,1700,1500,200,1.0,1.0,1.0,1.0,1.0,1.0,0,0,2,-----,-----
2023-03-25,Germany,Peru,1936,1855,81,1.8888888888888888,1.5555555555555556,1.2222222222222223,1.0,1.0,1.0,0,0,2,LDLDW,-----
2023-03-26,Russia,Iraq,1500,1765,-265,1.0,1.0,1.0,1.0,1.0,1.0,0,0,2,D,-----
2023-03-26,New Zealand,China,1720,1500,220,0.0,0.0,1.0,0.0,0.0,1.0,0,0,2,D,D
2023-03-28,Chile,Paraguay,1850,1845,5,1.0,1.0,1.0,1.0,1.0,1.0,0,0,2,-----,-----
2023-03-28,Argentina,Curaçao,2128,1500,628,2.125,1.0,2.125,1.0,1.0,1.0,0,0,2,WDWDW,-----
2023-03-28,Saudi Arabia,Bolivia,1768,1785,-17,1.0,1.75,0.75,0.0,1.0,0.0,0,0,0,WLLL,L
2023-03-28,Germany,Belgium,1967,1910,57,1.9,1.4,1.4,1.3333333333333333,1.1111111111111112,1.5555555555555556,0,0,0,DLDWW,WLWLD
2023-03-28,Uzbekistan,Venezuela,1770,1790,-20,1.0,0.0,3.0,2.0,1.0,3.0,0,0,1,W,W
2023-03-28,Morocco,Peru,1981,1855,126,1.0,0.75,1.75,0.0,2.0,0.0,0,0,1,DWLLW,L
2023-03-28,Indonesia,Burundi,1700,1500,200,3.0,1.0,3.0,1.0,3.0,0.0,0,0,1,W,L
2023-03-28,South Korea,Uruguay,1879,1936,-57,1.4,2.0,1.0,0.75,0.75,1.25,0,0,0,DLWLD,DLWD
2023-03-28,Japan,Colombia,1993,1976,17,1.2,1.0,1.6,1.0,1.0,1.0,0,0,0,WLWDD,DD
2023-03-28,Australia,Ecuador,1919,1890,29,1.4,1.4,1.8,1.25,1.5,1.0,0,0,0,LWWLW,WDLL
2023-03-28,Iran,Kenya,1820,1500,320,1.25,2.0,1.0,1.0,1.0,1.0,0,0,2,LWLD,-----
2023-04-20,USA,Mexico,1885,1902,-16,0.6666666666666666,1.0,1.0,0.6666666666666666,1.0,1.3333333333333333,0,1,1,DWLLD,DLW
2023-06-08,Mexico,Guatemala,1925,1500,425,0.75,1.0,1.25,1.0,1.0,1.0,0,1,2,DLWD,D
2023-06-11,Panama,Nicaragua,1818,1500,318,0.5,1.5,0.5,1.0,1.0,1.0,0,0,2,DL,-----
2023-06-11,Mexico,Cameroon,1928,1841,88,1.0,0.8,1.6,1.3333333333333333,1.3333333333333333,1.3333333333333333,0,1,1,DLWDW,LDW
2023-06-11,Chile,Cuba,1850,1500,350,3.0,2.0,3.0,1.0,1.0,1.0,0,0,2,W,-----
2023-06-12,Morocco,Cape Verde Islands,2014,1500,514,0.8888888888888888,0.6666666666666666,1.6666666666666667,1.0,1.0,1.0,0,0,1,WLLWD,-----
2023-06-12,Germany,Ukraine,1986,1492,494,2.0,1.6,1.3,0.0,1.5,0.5,0,0,1,LDWWL,LD
2023-06-14,Indonesia,Palestine,1713,1500,213,2.5,1.5,2.0,1.0,1.0,1.0,0,0,1,WD,-----
2023-06-14,Uruguay,Nicaragua,1944,1500,444,1.0,0.8,1.6,2.0,3.0,0.0,0,0,2,DLWDW,L
2023-06-14,Netherlands,Croatia,2128,2027,102,2.0,0.9,2.4,1.4,0.9,1.9,0,0,0,WDWWD,DDDLW
2023-06-15,Jamaica,Qatar,1738,1721,17,0.0,0.5,0.5,0.3333333333333333,2.3333333333333335,0.0,0,0,0,LD,LLL
2023-06-15,Argentina,Australia,2135,1946,189,2.6666666666666665,0.8888888888888888,2.2222222222222223,1.3333333333333333,1.5,1.5,0,0,2,DWDWW,WWLWL
2023-06-15,Japan,El Salvador,1984,1500,484,1.1666666666666667,1.1666666666666667,1.3333333333333333,0.0,1.0,0.0,0,0,2,LWDDL,L
2023-06-15,Spain,Italy,2015,1973,42,1.7,0.8,1.6,1.3333333333333333,1.1666666666666667,1.8333333333333333,0,0,2,WWDLD,WDLWW
2023-06-16,Venezuela,Honduras,1831,1780,51,1.5,1.0,2.0,1.0,0.0,3.0,0,0,2,WD,W
2023-06-16,Costa Rica,Guatemala,1848,1512,337,1.0,3.6666666666666665,1.0,0.5,1.5,0.5,0,0,0,LWL,DL
2023-06-16,South Korea,Peru,1879,1836,43,1.3333333333333333,2.0,0.8333333333333334,0.0,1.0,0.5,0,0,0,LWLDL,LD
2023-06-16,Sweden,New Zealand,1551,1705,-154,1.0,1.5,1.0,1.0,0.5,2.0,0,0,2,WLLD,DW
2023-06-16,Serbia,Jordan,1846,1500,346,2.0,1.4,1.7,1.0,1.0,1.0,0,0,2,WLDLW,-----
2023-06-16,Poland,Germany,1585,1937,-353,0.75,2.0,0.625,2.2,1.8,1.3,0,0,2,LDWLL,DWWLD
2023-06-16,Colombia,Iraq,1976,1765,211,1.3333333333333333,1.0,1.6666666666666667,0.0,2.0,0.0,0,0,2,DDW,L
2023-06-17,Ecuador,Bolivia,1863,1759,104,1.4,1.4,1.4,1.0,1.0,1.5,0,0,2,WDLLW,LW
2023-06-17,Brazil,Guinea,2073,1500,573,1.5,0.8333333333333334,1.6666666666666667,1.0,1.0,1.0,0,0,2,WLWDL,-----
2023-06-17,Chile,Dominican Republic,1874,1500,374,3.0,1.0,3.0,1.0,1.0,1.0,0,0,2,WW,-----
2023-06-18,Netherlands,Italy,2126,1999,127,2.0,1.2,2.1,1.2857142857142858,1.2857142857142858,1.5714285714285714,0,0,0,DWWDL,DLWWL
2023-06-18,Croatia,Spain,2059,2016,44,1.7,1.1,1.9,1.8,0.8,1.8,0,0,1,DDLWW,WDLDW
2023-06-18,Paraguay,Nicaragua,1845,1494,351,2.0,3.0,0.0,1.5,3.5,0.0,0,0,2,L,LL
2023-06-18,Egypt,South Sudan,1835,1500,335,1.0,1.0,1.0,1.0,1.0,1.0,0,0,2,-----,-----
2023-06-18,Venezuela,Guatemala,1835,1508,328,1.3333333333333333,0.6666666666666666,2.3333333333333335,0.6666666666666666,1.0,1.3333333333333333,0,0,2,WDW,DLW
2023-06-19,Jamaica,Jordan,1725,1500,225,0.3333333333333333,1.0,0.3333333333333333,2.0,3.0,0.0,0,0,0,LDL,L
2023-06-19,Indonesia,Argentina,1698,2137,-439,1.6666666666666667,1.0,1.6666666666666667,2.6,0.8,2.3,0,0,0,WDD,WDWWW
2023-06-20,Uruguay,Cuba,1981,1500,481,1.5,0.8333333333333334,1.8333333333333333,0.0,3.0,0.0,0,0,2,LWDWW,L
2023-06-20,Algeria,Tunisia,1500,1834,-334,1.0,1.0,1.0,0.3333333333333333,0.3333333333333333,1.3333333333333333,0,0,1,-----,DLW
2023-06-20,Brazil,Senegal,2040,1959,82,1.8571428571428572,0.8571428571428571,1.8571428571428572,1.25,1.75,1.5,0,0,0,LWDLW,LWWL
2023-06-20,Germany,Colombia,1919,2020,-101,2.1,1.8,1.2,1.25,0.75,2.0,0,0,0,WWLDL,DDWW
2023-06-20,South Korea,El Salvador,1841,1482,359,1.1428571428571428,1.8571428571428572,0.7142857142857143,0.0,3.5,0.0,0,0,1,WLDLL,LL
2023-06-20,Japan,Peru,1940,1849,91,1.8571428571428572,1.0,1.5714285714285714,0.3333333333333333,0.6666666666666666,1.3333333333333333,0,0,2,WDDLW,LDW
2023-06-21,Bolivia,Chile,1800,1880,-80,0.6666666666666666,1.0,1.0,3.6666666666666665,0.6666666666666666,3.0,0,0,1,LWL,WWW
2023-06-21,Costa Rica,Ecuador,1817,1913,-97,0.75,3.0,0.75,1.3333333333333333,1.1666666666666667,1.6666666666666667,0,0,0,LWLL,DLLWW
2023-06-21,Ecuador,Costa Rica,1913,1817,97,1.3333333333333333,1.1666666666666667,1.6666666666666667,0.75,3.0,0.75,0,0,2,DLLWW,LWLL
2023-06-25,USA,Jamaica,1885,1681,204,0.7142857142857143,1.0,1.0,0.5,1.25,0.25,1,0,1,WLLDD,LDLL
2023-06-25,Haiti,Qatar,1500,1713,-213,1.0,1.0,1.0,0.75,2.0,0.75,1,0,2,-----,LLLW
2023-06-26,Mexico,Honduras,1933,1798,135,1.1666666666666667,1.0,1.5,0.5,0.5,1.5,1,0,2,LWDWD,WL
2023-06-27,Canada,Guadeloupe,1821,1500,321,0.6666666666666666,2.3333333333333335,0.0,1.0,1.0,1.0,1,0,1,LLL,-----
2023-06-27,Costa Rica,Panama,1722,1811,-89,0.8333333333333334,3.0,0.5,1.3333333333333333,1.6666666666666667,1.3333333333333333,1,0,0,WLLLL,DLW
2023-06-28,Jamaica,Trinidad and Tobago,1624,1562,62,0.6,1.2,0.4,0.5,0.0,2.0,1,0,2,LDLLD,WD
2023-06-29,St. Kitts and Nevis,USA,1500,1881,-381,1.0,1.0,1.0,0.75,1.0,1.0,1,0,0,-----,LLDDD
2023-06-29,Qatar,Honduras,1757,1777,-19,0.8,2.0,0.6,0.3333333333333333,1.6666666666666667,1.0,1,0,1,LLLWL,WLL
2023-06-30,Haiti,Mexico,1500,1925,-425,2.0,1.0,3.0,1.5714285714285714,0.8571428571428571,1.7142857142857142,1,0,0,W,WDWDW
2023-06-30,Martinique,Panama,1500,1817,-317,1.0,1.0,1.0,1.5,1.5,1.75,1,0,0,-----,DLWW
2023-07-01,El Salvador,Costa Rica,1478,1711,-234,0.3333333333333333,2.6666666666666665,0.3333333333333333,0.8571428571428571,2.857142857142857,0.42857142857142855,1,0,1,LLD,LLLLL
2023-07-02,Jamaica,St. Kitts and Nevis,1637,1500,137,1.1666666666666667,1.1666666666666667,0.8333333333333334,0.0,6.0,0.0,1,0,2,DLLDW,L
2023-07-02,Guatemala,Canada,1569,1804,-234,0.5,1.0,1.0,1.0,2.25,0.25,1,0,1,DLWL,LLLD
2023-07-02,USA,Trinidad and Tobago,1869,1575,294,1.3333333333333333,0.8888888888888888,1.2222222222222223,0.6666666666666666,1.3333333333333333,1.3333333333333333,1,0,2,LDDDW,WDL
2023-07-03,Honduras,Haiti,1745,1555,190,0.5,1.5,1.0,1.5,2.0,1.5,1,0,2,WLLD,WL
2023-07-03,Mexico,Qatar,1956,1702,254,1.75,0.875,1.875,0.8333333333333334,1.8333333333333333,0.6666666666666666,1,0,0,DWDWW,LLWLD
2023-07-04,Canada,Cuba,1790,1494,295,0.8,1.8,0.4,0.0,2.5,0.0,1,0,2,LLLDD,LL
2023-07-05,Panama,El Salvador,1841,1494,346,1.6,1.4,2.0,0.25,2.0,0.5,1,0,1,DLWWW,LLDD
2023-07-05,Costa Rica,Martinique,1688,1500,188,0.75,2.5,0.5,1.0,2.0,0.0,1,0,2,LLLLD,L
2023-07-08,Panama,Qatar,1849,1704,145,1.6666666666666667,1.5,1.8333333333333333,0.8571428571428571,1.5714285714285714,1.0,1,0,2,LWWWD,LWLDW
2023-07-09,Mexico,Costa Rica,1964,1677,286,1.5555555555555556,0.8888888888888888,1.6666666666666667,1.3333333333333333,2.6666666666666665,0.7777777777777778,1,0,2,WDWWL,LLLDW
2023-07-09,Guatemala,Jamaica,1563,1676,-113,0.4,0.8,1.0,1.7142857142857142,1.0,1.1428571428571428,1,0,0,DLWLD,LLDWW
2023-07-09,USA,Canada,1881,1778,103,1.8,0.8,1.4,1.3333333333333333,1.8333333333333333,0.8333333333333334,1,0,1,DDDWW,LLDDW
2023-07-12,USA,Panama,1895,1834,61,1.9,0.9,1.4,2.0,1.2857142857142858,2.0,1,0,1,DDWWD,WWWDW
2023-07-13,Jamaica,Mexico,1704,1909,-204,1.625,0.875,1.375,1.6,0.8,1.8,1,0,0,LDWWW,DWWLW
2023-07-16,Mexico,Panama,1928,1875,53,1.9,0.8,2.0,1.875,1.25,1.875,1,0,2,WWLWW,WWDWD
2023-08-27,Bolivia,Panama,1784,1876,-92,0.5,0.75,1.0,1.6666666666666667,1.2222222222222223,1.6666666666666667,0,0,0,LWLD,WDWDL
2023-09-03,Guatemala,Honduras,1574,1743,-169,0.3333333333333333,0.8333333333333334,0.8333333333333334,0.8,1.4,1.4,0,0,1,LWLDL,WLLDW
2023-09-07,Qatar,Kenya,1760,1500,260,0.75,1.875,0.875,1.0,2.0,0.0,0,0,0,WLDWL,L
2023-09-07,Bulgaria,Iran,1500,1803,-303,1.0,1.0,1.0,1.4,1.8,1.4,0,0,0,-----,LWLDW
2023-09-07,Austria,Moldova,1896,1500,396,1.0,1.6666666666666667,0.6666666666666666,1.0,1.0,1.0,0,0,1,LDLLL,-----
2023-09-07,Wales,South Korea,1511,1799,-288,0.8571428571428571,2.0,0.2857142857142857,1.125,1.75,0.75,0,0,1,LLDLL,LDLLD
2023-09-08,Indonesia,Turkmenistan,1684,1500,184,1.25,1.25,1.25,1.0,1.0,1.0,0,0,2,WDDL,-----
2023-09-08,Saudi Arabia,Costa Rica,1727,1699,28,1.0,1.8,0.6,1.2,2.6,0.7,0,0,0,WLLLL,LLDWL
2023-09-09,USA,Uzbekistan,1890,1796,94,2.0,1.0,1.4,1.0,0.5,2.0,0,1,2,DWWDD,WD
2023-09-09,South Africa,Namibia,1795,1500,295,1.0,1.0,1.0,1.0,1.0,1.0,0,0,1,-----,-----
2023-09-09,Germany,Japan,1865,1945,-80,1.6,1.8,0.9,2.125,1.0,1.75,0,0,0,WLDLL,DDLWW
2023-09-10,Mexico,Australia,1951,1896,54,2.0,0.6,2.3,1.1428571428571428,1.5714285714285714,1.2857142857142858,0,1,1,WLWWW,WLWLL
2023-09-12,Egypt,Tunisia,1835,1885,-50,3.0,0.0,3.0,0.5,0.5,1.25,0,0,0,W,DLWD
2023-09-12,Japan,Turkey,1973,1923,49,2.3333333333333335,1.0,1.8888888888888888,3.0,0.8333333333333334,2.1666666666666665,0,0,2,DLWWW,WWWDL
2023-09-12,Costa Rica,United Arab Emirates,1680,1500,180,1.5,2.0,1.0,1.0,1.0,1.0,0,0,0,LDWLW,-----
2023-09-12,South Africa,Congo DR,1795,1500,295,0.0,0.0,1.0,1.0,1.0,1.0,0,0,2,D,-----
2023-09-12,Qatar,Russia,1719,1517,202,0.7777777777777778,1.8888888888888888,0.7777777777777778,1.5,0.5,2.0,0,0,1,LDWLL,DW
2023-09-12,Iran,Angola,1809,1500,309,1.3333333333333333,1.5,1.6666666666666667,1.0,1.0,1.0,0,0,2,WLDWW,-----
2023-09-12,Saudi Arabia,South Korea,1687,1782,-95,1.0,2.0,0.5,1.0,1.5555555555555556,0.7777777777777778,0,0,0,LLLLL,DLLDD
2023-09-12,Morocco,Burkina Faso,2001,1500,501,0.8,0.6,1.6,1.0,1.0,1.0,0,0,2,LLWDD,-----
2023-09-12,Scotland,England,1839,1977,-139,1.8333333333333333,0.8333333333333334,2.1666666666666665,1.7,1.3,1.3,0,0,0,LWWWD,WDWWL
2023-09-12,Senegal,Algeria,1906,1500,406,1.8,1.8,1.8,1.0,1.0,1.0,0,0,0,LWWLW,D
2023-09-12,Germany,France,1830,2064,-234,1.7,2.1,0.9,1.8,1.1,1.9,0,0,2,LDLLL,LWWWD
2023-09-12,Mexico,Uzbekistan,1977,1792,185,2.0,0.7,2.1,0.6666666666666666,1.3333333333333333,1.3333333333333333,0,1,1,LWWWD,WDL
2023-09-13,USA,Oman,1889,1500,389,2.2,1.0,1.4,1.0,1.0,1.0,0,1,2,WWDDW,-----
2023-10-12,Russia,Cameroon,1576,1896,-320,1.3333333333333333,0.6666666666666666,1.6666666666666667,1.5,1.5,1.25,0,0,2,DWD,LDWD
2023-10-12,Egypt,Zambia,1842,1500,342,2.0,1.5,1.5,1.0,1.0,1.0,0,0,2,WL,-----
2023-10-13,England,Australia,1944,1886,58,1.9,1.3,1.5,1.25,1.625,1.25,0,0,2,DWWLW,LWLLD
2023-10-13,Jordan,Iran,1496,1825,-329,2.0,2.0,1.5,1.7142857142857142,1.2857142857142858,1.8571428571428572,0,0,0,LW,LDWWW
2023-10-13,Mali,Uganda,1840,1500,340,1.0,1.0,1.0,1.0,1.0,1.0,0,0,2,-----,-----
2023-10-13,South Africa,Eswatini,1779,1500,279,0.5,0.0,2.0,1.0,1.0,1.0,0,0,1,DW,-----
2023-10-13,New Zealand,Congo DR,1716,1500,216,1.0,1.6666666666666667,1.3333333333333333,0.0,1.0,0.0,0,0,1,DWL,L
2023-10-13,Qatar,Iraq,1660,1706,-46,0.8,1.8,0.8,0.0,1.5,0.0,0,0,1,DWLLD,LL
2023-10-13,Saudi Arabia,Nigeria,1632,1895,-263,0.8571428571428571,1.8571428571428572,0.42857142857142855,1.0,1.0,1.0,0,0,1,LLLLL,-----
2023-10-13,Vietnam,Uzbekistan,1500,1769,-269,1.0,1.0,1.0,1.25,1.75,1.25,0,0,0,-----,WDLD
2023-10-13,South Korea,Tunisia,1773,1872,-99,1.0,1.4,1.0,1.0,0.6,1.6,0,0,2,LLDDW,DLWDW
2023-10-13,Japan,Canada,2015,1792,223,2.5,1.1,2.0,1.4285714285714286,1.8571428571428572,0.8571428571428571,0,0,2,LWWWW,LDDWD
2023-10-14,Ivory Coast,Morocco,1500,1982,-482,1.0,1.0,1.0,0.9,0.6,1.8,0,0,1,-----,LWDDW
2023-10-14,USA,Germany,1912,1788,124,2.5,0.7,1.7,1.6,1.9,1.1,0,1,0,WDDWW,DLLLW
2023-10-15,Mexico,Ghana,1967,1558,409,2.2,0.9,2.1,1.6666666666666667,2.3333333333333335,1.0,0,1,2,WWWDD,LWL
2023-10-16,Senegal,Cameroon,1973,1903,70,1.5,1.6666666666666667,1.5,1.2,1.4,1.0,0,0,2,WWLWL,LDWDL
2023-10-16,Egypt,Algeria,1792,1514,278,1.6666666666666667,1.0,2.0,1.0,0.5,2.0,0,0,1,WLW,DW
2023-10-16,China,Uzbekistan,1515,1783,-268,0.5,1.0,0.5,1.4,1.4,1.6,0,0,0,DL,WDLDW
2023-10-16,Mozambique,Nigeria,1500,1895,-395,1.0,1.0,1.0,2.0,2.0,1.0,0,0,0,-----,D
2023-10-17,Ivory Coast,South Africa,1500,1786,-286,1.0,1.0,1.0,0.3333333333333333,0.0,1.6666666666666667,0,0,1,D,DWD
2023-10-17,Japan,Tunisia,2031,1922,109,2.7,1.1,2.0,0.8333333333333334,1.1666666666666667,1.3333333333333333,0,0,2,WWWWW,LWDWL
2023-10-17,South Korea,Vietnam,1802,1500,302,1.4,1.4,1.2,0.0,2.0,0.0,0,0,2,LDDWW,L
2023-10-17,Iraq,Jordan,1700,1553,147,0.0,1.0,0.3333333333333333,1.6666666666666667,2.3333333333333335,1.0,0,0,1,LLD,LWL
2023-10-17,Saudi Arabia,Mali,1602,1840,-238,1.0,1.875,0.5,1.0,0.0,3.0,0,0,0,LLLLD,W
2023-10-17,Albania,Bulgaria,1701,1500,201,1.0,1.5,0.5,0.0,1.0,0.0,0,0,2,DLLD,L
2023-10-17,Qatar,Iran,1650,1833,-183,0.8,1.6,0.9,1.875,1.25,2.0,0,0,0,WLLDD,DWWWW
2023-10-17,Australia,New Zealand,1896,1660,236,1.1111111111111112,1.5555555555555556,1.1111111111111112,1.0,1.5,1.25,0,0,2,WLLDL,DWLD
2023-10-17,France,Scotland,2068,1826,242,1.9,1.2,1.9,1.7142857142857142,1.1428571428571428,1.8571428571428572,0,0,2,WWWDL,WWWDL
2023-10-18,USA,Ghana,1917,1549,368,2.5,0.8,1.7,1.25,2.25,0.75,0,1,2,DDWWL,LWLL
2023-10-18,Mexico,Germany,1953,1838,115,2.2,0.9,2.1,1.8,1.8,1.4,0,1,1,WWDDW,LLLWW
2023-11-12,Guatemala,Jamaica,1552,1726,-173,0.2857142857142857,0.7142857142857143,0.8571428571428571,1.4444444444444444,1.1111111111111112,1.2222222222222223,0,0,1,WLDLD,DWWWL
2023-11-15,Belgium,Serbia,1920,1896,23,1.5,1.2,1.7,2.3,1.5,2.0,0,0,2,LWLDW,LDLWW
2023-11-16,Nigeria,Lesotho,1885,1500,385,2.5,2.0,2.0,1.0,1.0,1.0,0,0,1,DW,-----
2023-11-16,Egypt,Djibouti,1798,1500,298,1.5,1.0,1.75,1.0,1.0,1.0,0,0,2,WLWD,-----
2023-11-17,Tunisia,Sao Tome and Principe,1867,1500,367,0.7142857142857143,1.2857142857142858,1.1428571428571428,1.0,1.0,1.0,0,0,2,WDWLL,-----
2023-11-17,Mali,Chad,1845,1500,345,2.0,0.5,3.0,1.0,1.0,1.0,0,0,2,WW,-----
2023-11-17,Cameroon,Mauritius,1851,1500,351,1.0,1.3333333333333333,0.8333333333333334,1.0,1.0,1.0,0,0,2,DWDLL,-----
2023-11-17,Greece,New Zealand,1500,1647,-147,1.0,1.0,1.0,0.8,1.6,1.0,0,0,2,-----,DWLDL
2023-11-18,Senegal,South Sudan,1908,1500,408,1.4285714285714286,1.4285714285714286,1.7142857142857142,0.0,3.0,0.0,0,0,2,WLWLW,L
2023-11-18,Germany,Turkey,1900,1864,36,1.9,1.9,1.4,2.857142857142857,1.2857142857142858,1.8571428571428572,0,0,0,LLWWD,WWDLL
2023-11-18,South Africa,Benin,1770,1500,270,0.5,0.25,1.5,1.0,1.0,1.0,0,0,2,DWDD,-----
2023-11-19,Zimbabwe,Nigeria,1500,1896,-396,1.0,1.0,1.0,2.0,1.6666666666666667,1.6666666666666667,0,0,1,-----,DWD
2023-11-19,Sierra Leone,Egypt,1500,1784,-284,1.0,1.0,1.0,2.4,0.8,2.0,0,0,0,-----,WLWDW
2023-11-20,Mali,Central African Republic,1872,1500,372,2.3333333333333335,0.6666666666666666,3.0,1.0,1.0,1.0,0,0,1,WWW,-----
2023-11-21,Austria,Germany,1859,1909,-50,1.0,1.5714285714285714,0.7142857142857143,1.7,2.0,1.1,0,0,2,DLLLD,LWWDL
2023-11-21,Malawi,Tunisia,1500,1853,-353,1.0,1.0,1.0,1.125,1.125,1.375,0,0,0,-----,DWLLW
2023-11-21,Rwanda,South Africa,1500,1761,-261,1.0,1.0,1.0,0.8,0.4,1.8,0,0,2,-----,DWDDW
2023-11-21,Libya,Cameroon,1500,1831,-331,1.0,1.0,1.0,1.2857142857142858,1.1428571428571428,1.1428571428571428,0,0,1,-----,WDLLW
2023-11-21,Togo,Senegal,1500,1928,-428,1.0,1.0,1.0,1.75,1.25,1.875,0,0,1,-----,LWLWW
2023-11-21,Tanzania,Morocco,1500,1984,-484,1.0,1.0,1.0,0.8,0.7,1.6,0,0,0,-----,WDDWD
2023-11-21,Rep. Of Ireland,New Zealand,1580,1636,-57,2.0,1.0,1.5,0.6666666666666666,1.6666666666666667,0.8333333333333334,0,0,1,WL,WLDLL
2023-12-10,Colombia,Venezuela,2026,1856,169,1.4,0.6,2.2,1.25,0.5,2.5,0,0,2,DDWWW,WDWW
2023-12-17,Mexico,Colombia,1958,2060,-103,2.2,0.9,2.1,1.3333333333333333,0.5,2.3333333333333335,0,1,0,WDDWD,DWWWW
2023-12-25,Uzbekistan,Kyrgyzstan,1804,1500,304,1.5,1.3333333333333333,1.8333333333333333,1.0,1.0,1.0,0,0,2,DLDWW,-----
2023-12-31,Qatar,Cambodia,1647,1500,147,0.7,1.7,0.9,1.0,1.0,1.0,0,0,2,LLDDL,-----
2024-01-01,Japan,Thailand,2043,1500,543,2.9,1.0,2.3,1.0,1.0,1.0,0,0,2,WWWWW,-----
2024-01-02,Indonesia,Libya,1675,1500,175,1.4,1.0,1.6,1.0,1.0,1.0,0,0,0,WDDLW,D
2024-01-04,Saudi Arabia,Lebanon,1612,1500,112,1.0,2.0,0.4444444444444444,1.0,1.0,1.0,0,0,2,LLLDL,-----
2024-01-05,Indonesia,Libya,1689,1512,177,1.1666666666666667,1.5,1.3333333333333333,2.5,0.5,2.0,0,0,0,DDLWL,DW
2024-01-05,Iran,Burkina Faso,1855,1500,355,2.111111111111111,1.1111111111111112,2.111111111111111,0.0,1.0,0.0,0,0,2,WWWWW,L
2024-01-05,Qatar,Jordan,1611,1531,80,1.0,1.5,1.2,1.75,2.25,1.0,0,0,0,LDDLW,LWLD
2024-01-06,Mali,Guinea-Bissau,1877,1500,377,2.0,0.75,2.5,1.0,1.0,1.0,0,0,2,WWWD,-----
2024-01-06,Tunisia,Mauritania,1860,1500,360,1.1111111111111112,1.0,1.5555555555555556,1.0,1.0,1.0,0,0,1,WLLWW,-----
2024-01-06,Bahrain,Australia,1500,1879,-379,1.0,1.0,1.0,1.2,1.4,1.3,0,0,0,-----,LLDLW
2024-01-06,Iraq,South Korea,1703,1858,-154,0.5,1.25,0.5,1.8,1.1,1.5,0,0,0,LLDD,DDWWW
2024-01-07,Palestine,Uzbekistan,1500,1821,-321,0.0,0.0,1.0,1.8571428571428572,1.2857142857142858,2.0,0,0,0,D,LDWWW
2024-01-07,Egypt,Tanzania,1795,1500,295,2.3333333333333335,0.6666666666666666,2.1666666666666665,0.0,2.0,0.0,0,0,2,LWDWW,L
2024-01-08,Guinea,Nigeria,1500,1878,-378,1.0,4.0,0.0,1.75,1.5,1.5,0,0,2,L,DWDD
2024-01-08,Senegal,Niger,1932,1500,432,1.5555555555555556,1.1111111111111112,1.7777777777777777,1.0,1.0,1.0,0,0,2,WLWWD,-----
2024-01-09,Japan,Jordan,2057,1544,513,3.2,0.9,2.3,1.8,2.0,1.4,0,0,2,WWWWW,LWLDW
2024-01-09,Zambia,Cameroon,1500,1838,-338,0.0,1.0,0.0,1.25,1.125,1.125,0,0,1,L,DLLWD
2024-01-09,Saudi Arabia,Palestine,1586,1514,72,1.0,1.8,0.7,0.0,0.5,0.5,0,0,1,LLDLW,DL
2024-01-09,Indonesia,Iran,1602,1892,-289,1.1428571428571428,1.5714285714285714,1.1428571428571428,2.1,1.1,2.2,0,0,0,DLWLL,WWWWW
2024-01-10,Tunisia,Cape Verde Islands,1872,1500,372,1.0,0.9,1.5,0.0,0.0,1.0,0,0,2,LLWWD,D
2024-01-10,Saudi Arabia,Hong Kong,1603,1500,103,0.8,1.7,0.5,1.0,1.0,1.0,0,0,2,LDLWD,-----
2024-01-10,South Africa,Lesotho,1769,1500,269,0.6666666666666666,0.6666666666666666,1.5,1.0,1.0,1.0,0,0,1,WDDWL,D
2024-01-11,Morocco,Sierra Leone,1968,1500,468,0.8,0.6,1.6,0.0,2.0,0.0,0,0,2,DDWDW,L
2024-01-14,Nigeria,Equatorial Guinea,1865,1500,365,1.4,1.6,1.2,1.0,1.0,1.0,1,0,1,DWDDL,-----
2024-01-14,Egypt,Mozambique,1816,1500,316,2.2857142857142856,0.5714285714285714,2.2857142857142856,2.0,3.0,0.0,1,0,1,WDWWW,L
2024-01-15,Senegal,Gambia,1917,1500,417,1.5,1.0,1.9,1.0,1.0,1.0,1,0,2,LWWDW,-----
2024-01-15,Cameroon,Guinea,1827,1498,329,1.2222222222222223,1.1111111111111112,1.1111111111111112,1.5,2.0,1.5,1,0,1,LLWDD,LW
2024-01-16,Tunisia,Namibia,1855,1500,355,1.2,0.9,1.7,0.0,0.0,1.0,1,0,0,LWWDW,D
2024-01-16,Mali,South Africa,1859,1708,151,2.8,1.0,2.6,0.5714285714285714,0.5714285714285714,1.4285714285714286,1,0,2,WWWDW,DDWLD
2024-01-17,Morocco,Tanzania,1977,1491,486,1.1,0.7,1.8,0.0,2.0,0.0,1,0,2,DWDWW,LL
2024-01-18,Honduras,Iceland,1760,1511,249,0.6666666666666666,1.1666666666666667,1.3333333333333333,1.0,1.0,1.0,0,0,0,LLDWD,DD
2024-01-18,Egypt,Ghana,1823,1545,278,2.25,0.75,2.125,1.0,2.6,0.6,1,0,1,DWWWD,LWLLL
2024-01-18,Ivory Coast,Nigeria,1516,1796,-280,1.0,1.0,1.0,1.3333333333333333,1.5,1.1666666666666667,1,0,0,DD,WDDLD
2024-01-19,Senegal,Cameroon,1921,1815,106,1.8,0.8,2.2,1.2,1.1,1.1,1,0,2,WWDWW,LWDDD
2024-01-20,Tunisia,Mali,1861,1866,-5,1.2,0.9,1.7,2.6666666666666665,0.8333333333333334,2.6666666666666665,1,0,1,WWDWL,WWDWW
2024-01-20,USA,Slovenia,1855,1732,123,2.9,0.8,1.9,1.0,1.6666666666666667,1.0,0,1,0,DWWLW,LDDWD
2024-01-21,Morocco,Congo DR,1980,1493,487,1.3,0.7,1.8,0.5,1.0,0.5,1,0,1,WDWWW,LD
2024-01-21,South Africa,Namibia,1694,1516,178,0.5,0.75,1.25,0.5,0.0,2.0,1,0,2,DWLDL,DW
2024-01-22,Guinea-Bissau,Nigeria,1500,1782,-282,2.0,6.0,0.0,1.2857142857142858,1.2857142857142858,1.4285714285714286,1,0,0,L,DDLDW
2024-01-22,Cape Verde Islands,Egypt,1519,1808,-289,0.0,1.0,0.5,2.2222222222222223,0.8888888888888888,2.0,1,0,1,DL,WWWDD
2024-01-23,Gambia,Cameroon,1500,1803,-303,0.0,3.0,0.0,1.3,1.3,1.1,1,0,0,L,WDDDL
2024-01-23,Guinea,Senegal,1567,1928,-362,1.3333333333333333,1.6666666666666667,1.3333333333333333,1.8,0.8,2.2,1,0,0,LWD,WDWWW
2024-01-24,South Africa,Tunisia,1671,1802,-130,0.8888888888888888,0.6666666666666666,1.4444444444444444,1.2,1.0,1.5,1,0,1,WLDLW,WDWLD
2024-01-24,Zambia,Morocco,1494,1985,-491,0.5,1.0,0.5,1.4,0.6,1.9,1,0,0,LD,DWWWD
2024-01-24,Namibia,Mali,1576,1889,-313,0.3333333333333333,1.3333333333333333,1.3333333333333333,2.4285714285714284,0.8571428571428571,2.4285714285714284,1,0,1,DWL,WDWWD
2024-01-27,Nigeria,Cameroon,1794,1775,19,1.25,1.125,1.625,1.3,1.2,1.3,1,0,2,DLDWW,DDDLW
2024-01-28,Egypt,Congo DR,1795,1506,289,2.2,1.0,1.9,0.6666666666666666,1.0,0.6666666666666666,1,0,1,WWDDD,LDD
2024-01-29,Senegal,Ivory Coast,1956,1524,431,1.8,0.7,2.2,0.6666666666666666,1.0,0.6666666666666666,1,0,1,DWWWW,DDL
2024-01-30,Mali,Burkina Faso,1884,1498,386,2.125,0.75,2.25,0.5,1.5,0.0,1,0,2,DWWDD,LL
2024-01-30,Morocco,South Africa,1967,1710,258,1.4,0.4,2.2,0.8,0.6,1.4,1,0,0,WWWDW,LDLWD
2024-02-02,Nigeria,Angola,1805,1500,305,1.3333333333333333,1.0,1.7777777777777777,0.0,4.0,0.0,1,0,2,LDWWW,L
2024-02-03,Mali,Ivory Coast,1869,1512,357,2.111111111111111,0.7777777777777778,2.3333333333333335,0.75,1.0,0.75,1,0,0,WWDDW,DDLD
2024-02-03,Cape Verde Islands,South Africa,1512,1715,-203,0.6666666666666666,1.3333333333333333,0.6666666666666666,1.0,0.6,1.6,1,0,1,DLD,DLWDW
2024-02-03,Costa Rica,El Salvador,1734,1505,230,1.5,2.4,0.7,0.6,2.0,0.6,0,0,2,DWLWL,LLDDD
2024-02-07,Nigeria,South Africa,1844,1783,61,1.3,0.9,1.9,0.9,0.6,1.4,1,0,1,DWWWW,LWDWD
2024-02-10,South Africa,Congo DR,1771,1524,247,1.0,0.7,1.4,0.75,1.0,0.75,1,0,1,WDWDD,LDDD
2024-02-11,Nigeria,Ivory Coast,1852,1529,323,1.2,0.8,1.9,1.0,1.0,1.2,1,0,0,WWWWD,DDLDW
2024-03-01,Trinidad and Tobago,Jamaica,1535,1703,-168,0.5,2.5,1.0,1.3,1.0,1.2,0,0,0,WDLL,WWWLD
2024-03-03,Trinidad and Tobago,Jamaica,1521,1701,-179,0.4,2.2,0.8,1.4,0.9,1.5,0,0,1,WDLLL,WWLDW
2024-03-21,Russia,Serbia,1585,1900,-315,1.25,0.5,2.0,1.9,1.5,1.7,0,0,2,DWDW,DLWWL
2024-03-21,Malta,Slovenia,1500,1728,-228,1.0,1.0,1.0,1.0,1.4285714285714286,1.2857142857142858,0,0,1,-----,DDWDW
2024-03-21,Portugal,Sweden,2028,1556,472,2.2,0.8,1.8,1.6,1.4,1.4,0,0,2,WWLWL,WLLDW
2024-03-21,Italy,Venezuela,1976,1863,114,1.5,1.375,1.75,1.0,0.6,2.0,0,0,2,LWWLW,WDWWL
2024-03-21,Andorra,South Africa,1500,1775,-275,1.0,1.0,1.0,0.9,0.6,1.4,0,0,1,-----,DWDDD
2024-03-22,Mali,Mauritania,1876,1500,376,2.0,0.9,2.1,0.0,0.0,1.0,0,0,2,WDDWL,D
2024-03-22,Morocco,Angola,1972,1492,480,1.2,0.5,1.9,0.0,2.5,0.0,0,0,2,WWDWL,LL
2024-03-22,Algeria,Bolivia,1579,1784,-206,1.0,0.6666666666666666,1.6666666666666667,0.6,1.0,0.8,0,0,2,DWD,LWLDL
2024-03-22,Egypt,New Zealand,1781,1590,191,2.0,1.1,1.7,0.7142857142857143,1.5714285714285714,0.8571428571428571,0,0,2,WDDDD,LDLLD
2024-03-22,Netherlands,Scotland,2065,1787,279,2.0,1.3,2.0,1.625,1.5,1.625,0,0,2,WWDLL,WWDLL
2024-03-22,Spain,Colombia,2039,2071,-32,1.6,0.6,1.8,1.5714285714285714,0.7142857142857143,2.4285714285714284,0,0,0,DLDWD,WWWWW
2024-03-22,Hungary,Turkey,1736,1848,-112,1.3333333333333333,0.8333333333333334,1.6666666666666667,2.875,1.375,2.0,0,0,2,LDWWL,WDLLW
2024-03-22,Albania,Chile,1687,1886,-199,1.2,1.2,1.0,2.75,0.5,2.5,0,0,0,DLLDW,WWWD
2024-03-22,Senegal,Gabon,1964,1500,464,1.9,0.5,2.3,1.0,1.0,1.0,0,0,2,WWWWD,-----
2024-03-22,Nigeria,Ghana,1848,1536,312,1.0,0.8,1.6,1.1666666666666667,2.5,0.6666666666666666,0,0,2,WWWDL,WLLLD
2024-03-22,Ecuador,Guatemala,1962,1558,403,1.75,1.125,2.0,0.25,0.625,0.875,0,0,2,LWWWW,LDLDD
2024-03-23,France,Germany,2018,1860,158,2.1,1.3,1.9,1.5,2.2,0.8,0,0,0,WWDLW,WWDLL
2024-03-23,Denmark,Switzerland,1971,1971,0,1.1111111111111112,0.8888888888888888,1.4444444444444444,1.1,1.8,1.5,0,0,1,LWDLL,WWLWL
2024-03-23,England,Brazil,1984,2043,-59,2.0,1.3,1.7,1.875,1.25,1.625,0,0,0,WWLWW,WDLWL
2024-03-23,Uruguay,Basque Country,1985,1500,485,1.5714285714285714,0.7142857142857143,2.0,1.0,1.0,1.0,0,0,1,WDWWW,-----
2024-03-23,Tunisia,Croatia,1807,2120,-313,1.1,0.9,1.5,1.5,1.0,1.7,0,0,1,DWLDD,DLWWD
2024-03-23,Slovakia,Austria,1500,1842,-342,1.0,1.0,1.0,1.125,1.375,1.0,0,0,0,-----,LLLDW
2024-03-23,Peru,Nicaragua,1892,1491,401,0.5,1.5,1.0,1.0,3.0,0.0,0,0,2,LDWL,LLL
2024-03-23,Argentina,El Salvador,2147,1520,628,2.7,0.6,2.6,0.5,2.0,0.5,0,0,2,DWWWW,LDDDL
2024-03-23,Rep. Of Ireland,Belgium,1572,1969,-397,1.6666666666666667,1.0,1.3333333333333333,1.5,0.8,2.0,0,0,1,WLD,WLDWW
2024-03-24,Ecuador,Italy,1972,2027,-55,1.7777777777777777,1.0,2.111111111111111,1.5555555555555556,1.3333333333333333,1.8888888888888888,0,0,0,WWWWW,WWLWW
2024-03-24,Guatemala,Venezuela,1561,1852,-291,0.2222222222222222,0.7777777777777778,0.7777777777777778,1.0,0.8333333333333334,1.6666666666666667,0,0,1,DLDDL,DWWLL
2024-03-25,Sweden,Albania,1612,1700,-88,1.6666666666666667,2.0,1.1666666666666667,1.0,1.5,0.8333333333333334,0,0,2,LLDWL,LLDWL
2024-03-25,Bolivia,Andorra,1747,1500,247,0.8333333333333334,1.3333333333333333,0.6666666666666666,1.0,1.0,1.0,0,0,2,WLDLL,D
2024-03-25,Cyprus,Serbia,1500,1881,-381,1.0,1.0,1.0,1.8,1.9,1.4,0,0,0,-----,LWWLL
2024-03-26,France,Chile,2030,1886,144,2.1,1.3,1.9,2.8,0.4,2.6,0,0,2,WDLWL,WWWDW
2024-03-26,Morocco,Mauritania,1903,1518,386,1.3,0.5,2.1,0.0,1.0,0.5,0,0,1,WDWLW,DL
2024-03-26,Algeria,South Africa,1593,1763,-170,1.5,1.0,2.0,0.8,0.6,1.2,0,0,1,DWDW,WDDDD
2024-03-26,Spain,Brazil,2048,1976,72,1.5,0.7,1.5,1.7777777777777777,1.1111111111111112,1.7777777777777777,0,0,1,LDWDL,DLWLW
2024-03-26,New Zealand,Tunisia,1595,1801,-206,0.625,1.5,0.75,0.8,0.8,1.3,0,0,1,DLLDL,WLDDD
2024-03-26,Mali,Nigeria,1816,1792,24,2.1,0.9,2.1,1.1,0.8,1.8,0,0,2,DDWLW,WWDLW
2024-03-26,Egypt,Croatia,1769,2110,-342,2.0,0.8,2.0,1.2,0.9,1.5,0,0,0,DDDDW,LWWDD
2024-03-26,Scotland,Northern Ireland,1774,1500,274,1.4444444444444444,1.7777777777777777,1.4444444444444444,1.0,1.0,1.0,0,0,0,WDLLL,-----
2024-03-26,Colombia,Romania,2102,1500,602,1.5,0.625,2.5,1.0,1.0,1.0,0,0,2,WWWWW,-----
2024-03-26,Rep. Of Ireland,Switzerland,1567,1915,-348,1.25,0.75,1.25,1.0,1.6,1.6,0,0,0,WLDD,WLWLD
2024-03-26,Austria,Turkey,1874,1897,-23,1.2222222222222223,1.2222222222222223,1.2222222222222223,2.5555555555555554,1.3333333333333333,1.7777777777777777,0,0,2,LLDWW,DLLWL
2024-03-26,Germany,Netherlands,1828,2015,-187,1.5,1.9,1.1,2.1,1.1,2.0,0,0,2,WDLLW,WDLLW
2024-03-26,England,Belgium,2001,1987,14,2.0,1.0,1.7,0.9,0.7,1.8,0,0,1,WLWWL,LDWWD
2024-03-26,Ivory Coast,Uruguay,1589,1987,-399,1.1666666666666667,1.0,1.5,1.5,0.75,1.875,0,0,2,DLDWW,DWWWD
2024-03-26,Senegal,Benin,1947,1500,447,1.8,0.3,2.3,1.0,2.0,0.0,0,0,2,WWWDW,L
2024-03-26,Denmark,Faroe Islands,1930,1495,436,1.0,0.8,1.4,1.0,2.5,1.5,0,0,2,WDLLD,LW
2024-03-26,Slovenia,Portugal,1782,1994,-212,1.125,1.5,1.25,2.3,1.0,1.8,0,0,2,DWDWD,WLWLW
2024-03-27,Peru,Dominican Republic,1864,1500,364,0.8,1.2,1.4,0.0,5.0,0.0,0,0,2,LDWLW,L
2024-03-27,El Salvador,Honduras,1502,1754,-251,0.42857142857142855,2.142857142857143,0.42857142857142855,0.5714285714285714,1.2857142857142858,1.1428571428571428,0,0,1,DDDLL,LDWDL
2024-03-27,Argentina,Costa Rica,2157,1651,506,2.8,0.6,2.6,1.5,2.0,1.0,0,0,2,WWWWW,WLWLW
2024-06-01,Mexico,Bolivia,1949,1708,241,2.0,1.2,1.8,0.8571428571428571,1.1428571428571428,1.0,0,1,2,DDWDL,LDLLW
2024-06-01,Costa Rica,Uruguay,1668,1969,-300,1.6,2.2,1.0,1.4444444444444444,0.8888888888888888,1.6666666666666667,0,0,1,LWLWL,WWWDL
2024-06-02,Indonesia,Tanzania,1559,1484,74,1.0,2.0,1.0,0.0,2.3333333333333335,0.0,0,0,1,LWLLL,LLL
2024-06-03,Germany,Ukraine,1899,1505,395,1.4,1.7,1.3,1.0,2.0,0.6666666666666666,0,0,1,DLLWW,LDD
2024-06-03,Albania,Liechtenstein,1664,1500,164,0.8571428571428571,1.4285714285714286,0.7142857142857143,1.0,1.0,1.0,0,0,2,LDWLL,-----
2024-06-03,England,Bosnia & Herzegovina,1956,1500,456,2.2,1.1,1.8,1.0,1.0,1.0,0,0,2,LWWLD,-----
2024-06-03,Gibraltar,Scotland,1500,1761,-261,1.0,1.0,1.0,1.3,1.7,1.3,0,0,0,-----,DLLLL
2024-06-03,Croatia,FYR Macedonia,2100,1500,600,1.6,1.1,1.7,1.0,1.0,1.0,0,0,2,WWDDW,-----
2024-06-04,Slovenia,Armenia,1772,1495,277,1.2222222222222223,1.3333333333333333,1.4444444444444444,0.5,3.0,0.0,0,0,2,WDWDW,LL
2024-06-04,Switzerland,Estonia,1922,1500,422,1.1,1.2,1.9,1.0,1.0,1.0,0,0,2,LWLDW,-----
2024-06-04,Portugal,Finland,2000,1500,500,2.1,1.2,1.5,1.0,1.0,1.0,0,0,2,LWLWL,-----
2024-06-04,Austria,Serbia,1888,1809,79,1.7,1.2,1.4,1.7,1.7,1.6,0,0,2,LDWWW,WWLLW
2024-06-04,Italy,Turkey,2039,1855,184,1.6,1.2,2.0,2.4,1.8,1.6,0,0,1,WLWWW,LLWLL
2024-06-05,Spain,Andorra,2010,1509,501,1.6,1.0,1.3,0.5,1.0,0.5,0,0,2,DWDLD,DL
2024-06-05,France,Luxembourg,1959,1489,470,2.0,1.4,1.9,1.5,2.5,0.5,0,0,2,DLWLW,LD
2024-06-05,Belgium,Montenegro,1973,1500,473,1.0,0.8,1.8,1.0,1.0,1.0,0,0,2,DWWDD,-----
2024-06-05,Tunisia,Equatorial Guinea,1812,1500,312,0.8,0.4,1.4,1.0,1.0,1.0,0,0,2,LDDDD,D
2024-06-05,Denmark,Sweden,1924,1606,318,1.0,0.7,1.4,1.5714285714285714,1.7142857142857142,1.4285714285714286,0,0,2,DLLDW,LDWLW
2024-06-06,Senegal,Congo DR,1951,1536,415,1.9,0.2,2.6,0.6,0.8,0.8,0,0,1,WWDWW,LDDDD
2024-06-06,Egypt,Burkina Faso,1780,1494,286,2.1,1.2,1.7,0.6666666666666666,1.6666666666666667,0.0,0,0,2,DDDWL,LLL
2024-06-06,Mali,Ghana,1824,1549,275,2.0,0.8,2.1,1.1428571428571428,2.4285714285714284,0.5714285714285714,0,0,0,DWLWW,LLLDL
2024-06-06,Mexico,Uruguay,1917,1916,2,1.8,1.1,1.8,1.3,0.8,1.6,0,1,0,DWDLW,WWDLD
2024-06-06,Netherlands,Canada,2027,1797,230,2.0,1.3,1.7,1.375,2.125,0.75,0,0,2,DLLWL,DDWDL
2024-06-07,Scotland,Finland,1701,1500,201,1.3,1.7,1.3,2.0,4.0,0.0,0,0,1,LLLLW,L
2024-06-07,England,Iceland,1951,1525,426,2.2,0.8,2.0,1.3333333333333333,0.6666666666666666,1.6666666666666667,0,0,0,WWLDW,DDW
2024-06-07,Germany,Greece,1936,1500,436,1.4,1.6,1.4,2.0,0.0,3.0,0,0,2,LLWWD,W
2024-06-07,Morocco,Zambia,1907,1505,401,1.3,0.5,2.1,0.3333333333333333,1.0,0.3333333333333333,0,0,2,DWLWD,LDL
2024-06-07,Nigeria,South Africa,1801,1755,46,1.0,0.9,1.7,1.1,0.7,1.3,0,0,1,WDLWL,DDDDD
2024-06-07,Albania,Azerbaijan,1634,1500,134,1.125,1.25,1.0,1.0,1.0,1.0,0,0,2,DWLLW,-----
2024-06-08,Cameroon,Cape Verde Islands,1786,1526,260,1.2,1.4,1.0,0.5,1.0,0.75,0,0,2,DDLWL,DLDD
2024-06-08,USA,Colombia,1864,2141,-276,2.8,0.8,1.8,1.6666666666666667,0.7777777777777778,2.5555555555555554,0,1,0,WWLWL,WWWWW
2024-06-08,Belgium,Luxembourg,1977,1507,470,1.1,0.8,1.8,1.0,2.6666666666666665,0.3333333333333333,0,0,2,WWDDW,LDL
2024-06-08,Denmark,Norway,1929,1554,375,1.0,0.7,1.4,0.5,1.0,1.0,0,0,2,LLDWW,WDLL
2024-06-08,Portugal,Croatia,1943,2118,-175,2.5,1.3,1.8,1.5,1.0,1.7,0,0,0,WLWLW,WDDWW
2024-06-08,Spain,Northern Ireland,2005,1500,505,2.0,0.8,1.6,1.0,0.0,3.0,0,0,2,WDLDW,W
2024-06-08,Sweden,Serbia,1636,1824,-188,1.5,1.75,1.25,1.4,1.8,1.3,0,0,0,DWLWL,WLLWL
2024-06-08,Slovenia,Bulgaria,1829,1484,345,1.3,1.3,1.6,0.0,1.5,0.0,0,0,1,DWDWW,LL
2024-06-08,Peru,Paraguay,1869,1821,48,1.3333333333333333,1.1666666666666667,1.6666666666666667,2.0,1.5,1.5,0,0,1,DWLWW,LW
2024-06-08,Switzerland,Austria,1935,1924,12,1.5,1.1,2.2,1.6,1.3,1.4,0,0,1,WLDWW,DWWWW
2024-06-09,Argentina,Ecuador,2158,1977,181,2.9,0.7,2.6,1.6,1.1,1.9,0,0,2,WWWWW,WWWWL
2024-06-09,Mauritania,Senegal,1510,1954,-444,0.0,0.6666666666666666,0.6666666666666666,1.9,0.3,2.4,0,0,0,DLD,WDWWD
2024-06-09,Namibia,Tunisia,1538,1805,-267,0.25,1.0,1.25,0.9,0.2,1.7,0,0,1,DWLD,DDDDW
2024-06-09,Mexico,Brazil,1928,2021,-94,1.8,1.4,1.8,1.9,1.3,1.7,0,1,0,WDLWL,LWLWD
2024-06-09,Italy,Bosnia & Herzegovina,2085,1500,585,1.5,1.1,2.0,0.0,3.0,0.0,0,0,2,LWWWD,L
2024-06-09,France,Canada,1980,1785,195,2.1,1.3,1.9,1.2222222222222223,2.3333333333333335,0.6666666666666666,0,0,1,LWLWW,DWDLL
2024-06-10,Poland,Turkey,1577,1819,-243,0.7777777777777778,1.7777777777777777,0.8888888888888888,2.0,1.8,1.4,0,0,2,DWLLW,LWLLD
2024-06-10,Netherlands,Iceland,1991,1598,393,2.3,1.3,1.7,1.25,0.5,2.0,0,0,2,LLWLW,DDWW
2024-06-10,Guinea-Bissau,Egypt,1493,1762,-269,1.0,3.5,0.0,2.2,1.2,1.9,0,0,1,LL,DDWLW
2024-06-10,Benin,Nigeria,1492,1773,-280,0.5,1.5,0.0,1.1,0.8,1.8,0,0,2,LL,DLWLD
2024-06-11,Portugal,Rep. Of Ireland,1947,1582,365,2.2,1.5,1.5,1.0,0.8,1.0,0,0,2,LWLWL,WLDDL
2024-06-11,Angola,Cameroon,1484,1746,-263,0.0,2.0,0.0,1.4,1.3,1.2,0,0,1,LLL,DLWLW
2024-06-11,South Africa,Zimbabwe,1753,1500,253,1.2,0.8,1.3,1.0,1.0,1.0,0,0,2,DDDDD,D
2024-06-11,Madagascar,Mali,1500,1852,-352,1.0,1.0,1.0,1.8,0.9,1.8,0,0,1,-----,WLWWL
2024-06-11,Congo,Morocco,1500,1889,-389,1.0,1.0,1.0,1.4,0.6,2.1,0,0,0,-----,WLWDW
2024-06-12,Chile,Paraguay,1922,1828,95,2.6666666666666665,0.8333333333333334,2.1666666666666665,1.3333333333333333,1.0,1.3333333333333333,0,0,2,WWDWL,LWD
2024-06-12,USA,Brazil,1810,2026,-216,2.8,1.2,1.7,2.0,1.5,1.7,0,1,1,WLWLL,WLWDW
2024-06-13,Ecuador,Bolivia,1930,1718,212,1.4,1.2,1.6,0.75,1.125,0.875,0,0,2,WWWLL,DLLWL
2024-06-14,Germany,Scotland,1918,1731,187,1.6,1.5,1.7,1.5,1.6,1.4,1,0,2,LWWDW,LLLWD
2024-06-15,Argentina,Guatemala,2161,1557,604,2.8,0.6,2.6,0.2,0.7,0.8,0,0,2,WWWWW,LDDLD
2024-06-15,Colombia,Bolivia,2142,1708,434,2.0,0.8,2.6,0.7777777777777778,1.3333333333333333,0.7777777777777778,0,0,2,WWWWW,LLWLL
2024-06-15,El Salvador,Peru,1501,1875,-374,0.5,2.0,0.5,1.1428571428571428,1.0,1.5714285714285714,0,0,0,DDLLD,WLWWD
2024-06-15,Spain,Croatia,2008,2120,-111,2.4,0.9,1.6,1.7,1.1,1.9,1,0,2,DLDWW,DDWWW
2024-06-15,Hungary,Switzerland,1710,1940,-230,1.2857142857142858,0.7142857142857143,1.8571428571428572,1.5,1.2,2.0,1,0,0,DWWLW,LDWWD
2024-06-15,Italy,Albania,2069,1654,416,1.4,1.0,2.0,1.3333333333333333,1.2222222222222223,1.2222222222222223,1,0,2,WWWDW,WLLWW
2024-06-16,Poland,Netherlands,1631,2006,-375,0.9,1.7,1.1,2.5,1.3,1.7,1,0,0,WLLWW,LWLWW
2024-06-16,Slovenia,Denmark,1833,1936,-102,1.4,1.2,1.7,1.3,0.7,1.7,1,0,1,WDWWD,LDWWW
2024-06-16,Serbia,England,1808,1955,-147,1.5,1.8,1.3,1.6,0.7,1.7,1,0,0,LLWLW,WLDWL
2024-06-16,Ecuador,Honduras,1921,1681,241,1.6,1.2,1.8,0.625,1.25,1.125,0,0,2,WWLLW,DWDLD
2024-06-16,Panama,Paraguay,1849,1836,14,1.7,1.2,1.8,1.0,1.5,1.0,0,0,0,DWDLW,LWDL
2024-06-17,Austria,France,1940,1984,-44,1.6,1.2,1.5,2.1,1.2,2.0,1,0,0,WWWWD,WLWWD
2024-06-17,Belgium,Slovakia,1980,1500,480,1.2,0.7,1.8,0.0,2.0,0.0,1,0,0,WDDWW,L
2024-06-18,Portugal,Czech Republic,1920,1557,363,2.5,1.4,1.8,0.8333333333333334,2.1666666666666665,0.6666666666666666,1,0,2,WLWLW,DLLLL
2024-06-18,Turkey,Georgia,1835,1500,335,1.5,2.0,1.1,1.0,1.0,1.0,1,0,2,WLLDL,-----
2024-06-19,Croatia,Albania,2146,1669,477,1.6,1.3,1.8,1.3,1.3,1.1,1,0,1,DWWWL,LLWWL
2024-06-19,Germany,Hungary,1922,1752,170,2.0,1.2,2.0,1.25,1.0,1.625,1,0,2,WWDWW,WWLWL
2024-06-19,Scotland,Switzerland,1716,1934,-218,1.2,2.0,1.1,1.6,1.2,2.0,1,0,1,LLWDL,DWWDW
2024-06-20,Slovenia,Serbia,1816,1845,-29,1.4,0.9,1.8,1.5,1.7,1.3,1,0,1,DWWDD,LWLWL
2024-06-20,Denmark,England,1940,1892,49,1.2,0.8,1.5,1.7,0.7,1.9,1,0,1,DWWWD,LDWLW
2024-06-20,Spain,Italy,2012,2071,-58,2.0,0.9,1.6,1.6,1.1,2.2,1,0,2,LDWWW,WWDWW
2024-06-21,Poland,Austria,1675,1946,-271,0.9,1.3,1.1,1.5,1.2,1.4,1,0,0,LLWWL,WWWDL
2024-06-21,Netherlands,France,2014,1969,44,2.6,1.3,1.9,1.9,1.1,2.0,1,0,1,WLWWW,LWWDW
2024-06-21,Argentina,Canada,2169,1770,400,3.0,0.5,2.8,1.1,2.1,0.7,1,0,2,WWWWW,WDLLD
2024-06-22,Ecuador,Venezuela,1933,1841,92,1.7,1.1,2.1,0.8571428571428571,0.7142857142857143,1.5714285714285714,1,0,0,WLLWW,WWLLD
2024-06-22,Peru,Chile,1867,1901,-35,1.125,0.875,1.75,2.7142857142857144,0.7142857142857143,2.2857142857142856,1,0,1,LWWDW,WDWLW
2024-06-22,Turkey,Portugal,1791,1926,-135,1.6,2.1,1.1,2.4,1.3,1.8,1,0,0,LLDLW,LWLWW
2024-06-22,Belgium,Romania,1984,1500,484,1.2,0.7,1.8,2.0,3.0,0.0,1,0,2,DDWWL,L
2024-06-23,Switzerland,Germany,1956,1947,10,1.5,1.2,1.8,2.0,1.1,2.0,1,0,1,WWDWD,WDWWW
2024-06-23,Scotland,Hungary,1692,1731,-39,1.0,2.1,0.9,1.1111111111111112,1.1111111111111112,1.4444444444444444,1,0,0,LWDLD,WLWLL
2024-06-23,Mexico,Jamaica,1858,1727,131,1.8,1.7,1.5,1.4,0.9,1.5,1,0,2,DLWLL,WLDWD
2024-06-23,USA,Bolivia,1789,1696,92,2.3,1.3,1.5,0.7,1.5,0.7,1,0,2,LWLLD,LWLLL
2024-06-24,Croatia,Italy,2081,2077,4,1.7,1.4,1.8,1.4,0.7,2.2,1,0,1,WWWLD,WDWWL
2024-06-24,Albania,Spain,1663,2078,-414,1.4,1.4,1.1,2.0,0.8,1.8,1,0,0,LWWLD,DWWWW
2024-06-24,Uruguay,Panama,1907,1887,21,1.7,0.8,1.8,1.6,1.2,1.7,1,0,2,WDLDW,WDLWL
2024-06-24,Colombia,Paraguay,2163,1809,354,2.3,0.8,2.8,1.0,1.2,1.4,1,0,2,WWWWW,LWDLW
2024-06-25,Brazil,Costa Rica,2054,1666,388,2.0,1.6,1.5,1.5,1.9,1.1,1,0,1,LWDWD,WLWLD
2024-06-25,Denmark,Serbia,1933,1816,117,1.2,0.7,1.6,1.3,1.5,1.3,1,0,1,WWWDD,WLWLD
2024-06-25,Netherlands,Austria,2022,1914,108,2.4,1.3,1.7,1.8,1.1,1.7,1,0,0,LWWWD,WWDLW
2024-06-25,France,Poland,2001,1666,335,1.7,1.0,1.8,0.8,1.4,1.0,1,0,1,WWDWD,LWWLL
2024-06-25,England,Slovenia,1921,1823,98,1.5,0.8,1.7,1.5,1.0,1.8,1,0,1,DWLWD,WWDDD
2024-06-26,Ukraine,Belgium,1523,1920,-397,0.75,1.5,0.75,1.3,0.7,1.8,1,0,1,LDDD,DWWLW
2024-06-26,Czech Republic,Turkey,1553,1804,-252,0.8571428571428571,2.142857142857143,0.5714285714285714,1.4,2.4,0.8,1,0,0,LLLLL,LDLWL
2024-06-26,Georgia,Portugal,1500,1933,-433,1.0,3.0,0.0,2.5,1.3,1.8,1,0,2,L,WLWWW
2024-06-26,Chile,Argentina,1928,2171,-243,2.375,0.625,2.125,2.9,0.5,2.8,1,0,0,DWLWD,WWWWW
2024-06-26,Peru,Canada,1879,1784,95,1.0,0.7777777777777778,1.6666666666666667,1.1,2.2,0.7,1,0,0,WWDWD,DLLDL
2024-06-27,Venezuela,Mexico,1831,1831,0,1.0,0.75,1.75,1.6,1.7,1.5,1,0,2,WLLDW,LWLLW
2024-06-27,Ecuador,Jamaica,1941,1720,221,1.7,1.0,2.1,1.3,0.8,1.5,1,0,2,LLWWL,LDWDL
2024-06-28,Panama,USA,1837,1797,39,1.7,1.3,1.7,1.9,1.3,1.5,1,0,2,DLWLL,WLLDW
2024-06-28,Uruguay,Bolivia,1977,1693,284,2.0,0.7,2.1,0.7,1.6,0.7,1,0,2,DLDWW,WLLLL
2024-06-29,Switzerland,Italy,1943,2043,-100,1.5,1.3,1.6,1.4,0.8,2.0,1,0,2,WDWDD,DWWLD
2024-06-29,Germany,Denmark,1965,1933,33,1.8,1.1,1.8,1.0,0.7,1.4,1,0,2,DWWWD,WWDDD
2024-06-29,Paraguay,Brazil,1859,2045,-186,1.0,1.3333333333333333,1.1666666666666667,2.0,1.5,1.6,1,0,0,WDLWL,WDWDD
2024-06-29,Colombia,Costa Rica,2167,1674,493,2.3,0.7,3.0,1.4,1.6,1.2,1,0,2,WWWWW,LWLDD
2024-06-30,England,Slovakia,1922,1486,436,1.2,0.8,1.5,0.5,1.0,1.5,1,0,2,WLWDD,LW
2024-06-30,Spain,Georgia,2111,1487,625,2.0,0.6,2.1,1.5,1.5,1.5,1,0,2,WWWWW,LW
2024-06-30,Argentina,Peru,2179,1882,297,2.7,0.2,3.0,0.9,0.8,1.5,1,0,2,WWWWW,WDWDL
2024-06-30,Canada,Chile,1776,1925,-149,1.1,1.8,1.0,2.111111111111111,0.6666666666666666,1.8888888888888888,1,0,1,LLDLW,WLWDL
2024-07-01,Jamaica,Venezuela,1696,1875,-179,1.3,0.9,1.5,1.0,0.6666666666666666,1.8888888888888888,1,0,0,DWDLL,LLDWW
2024-07-01,Mexico,Ecuador,1854,1897,-42,1.5,1.8,1.2,1.8,1.0,2.1,1,0,1,WLLWL,LWWLW
2024-07-01,France,Belgium,2002,1926,76,1.6,1.1,1.6,1.3,0.5,1.9,1,0,2,WDWDD,WWLWD
2024-07-01,Portugal,Slovenia,1964,1823,142,2.4,1.3,1.8,1.3,0.8,1.8,1,0,1,LWWWL,WDDDD
2024-07-02,Romania,Netherlands,1499,2021,-522,1.0,2.5,0.0,2.3,1.5,1.4,1,0,0,LL,WWWDL
2024-07-02,Austria,Turkey,1930,1774,157,2.1,1.1,2.0,1.3,2.2,1.0,1,0,0,WDLWW,DLWLW
2024-07-02,Bolivia,Panama,1663,1811,-148,0.5,2.0,0.4,1.6,1.2,1.7,1,0,0,LLLLL,LWLLW
2024-07-02,USA,Uruguay,1827,2003,-176,1.8,1.3,1.4,2.3,0.7,2.1,1,0,0,LLDWL,LDWWW
2024-07-03,Brazil,Colombia,2029,2177,-148,2.0,1.5,1.6,2.4,0.6,3.0,1,0,1,DWDDW,WWWWW
2024-07-03,Costa Rica,Paraguay,1690,1849,-160,1.3,1.7,1.2,1.0,1.7142857142857142,1.0,1,0,2,WLDDL,DLWLL
2024-07-05,Spain,Germany,2117,1964,153,2.4,0.7,2.3,1.8,0.9,2.0,1,0,2,WWWWW,WWWDW
2024-07-05,Portugal,France,1885,1987,-101,1.8,1.2,1.6,1.4,0.8,1.8,1,0,1,WWWLD,DWDDW
2024-07-05,Argentina,Ecuador,2192,1917,275,2.7,0.2,3.0,1.7,1.0,1.9,1,0,1,WWWWW,WWLWD
2024-07-06,Colombia,Panama,2182,1846,336,2.4,0.7,2.8,1.7,1.2,1.7,1,0,2,WWWWD,WLLWW
2024-07-06,Venezuela,Canada,1907,1820,87,1.2,0.6,2.0,1.0,1.6,1.1,1,0,1,LDWWW,LDLWD
2024-07-06,England,Switzerland,1916,1945,-28,1.3,0.7,1.8,1.7,1.2,1.9,1,0,1,LWDDW,DWDDW
2024-07-06,Netherlands,Turkey,1978,1788,190,2.4,1.3,1.6,1.4,2.1,1.3,1,0,2,WWDLW,LWLWW
2024-07-07,Uruguay,Brazil,2017,2054,-37,2.3,0.6,2.3,2.0,1.5,1.6,1,0,1,DWWWW,WDDWD
2024-07-09,Spain,France,2121,2013,107,2.4,0.7,2.3,1.3,0.6,1.9,1,0,2,WWWWW,WDDWD
2024-07-10,Netherlands,England,1984,1923,60,2.4,1.0,1.9,1.1,0.7,1.6,1,0,0,WDLWW,WDDWD
2024-07-10,Argentina,Canada,2202,1825,377,2.1,0.3,2.8,0.9,1.5,1.1,1,0,2,WWWWD,DLWDD
2024-07-11,Uruguay,Colombia,2031,2175,-144,2.1,0.5,2.1,2.7,0.7,2.8,1,0,0,WWWWD,WWWDW
2024-07-14,Spain,England,2143,1928,216,2.6,0.8,2.5,1.2,0.8,1.6,1,0,2,WWWWW,DDWDW
2024-07-14,Canada,Uruguay,1831,2033,-202,0.9,1.7,1.0,1.7,0.5,1.8,1,0,1,LWDDL,WWWDL
2024-07-15,Argentina,Colombia,2188,2191,-3,2.1,0.3,2.8,2.7,0.7,2.8,1,0,2,WWWDW,WWDWW
2024-09-01,Uruguay,Guatemala,2014,1567,447,1.7,0.7,1.6,0.2,1.0,0.7,0,0,1,WWDLD,DDLDL
2024-09-05,Serbia,Spain,1816,2164,-348,1.1,1.2,1.4,2.8,0.8,2.8,0,0,1,LWLDD,WWWWW
2024-09-05,Denmark,Switzerland,1926,1998,-72,1.0,0.9,1.3,1.5,1.1,1.7,0,0,2,WDDDL,WDDWD
2024-09-05,Portugal,Croatia,1882,2065,-182,1.8,1.1,1.7,1.8,1.2,1.9,0,0,2,WWLDD,WWLDD
2024-09-05,Scotland,Poland,1705,1650,55,0.8,2.1,0.6,0.9,1.4,1.1,0,0,0,WDLDL,WWLLD
2024-09-06,Belgium,Israel,1910,1562,349,1.3,0.6,1.8,2.0,1.0,3.0,0,0,2,WLWDL,WW
2024-09-06,France,Italy,2006,2044,-38,1.0,0.7,1.6,1.2,1.0,1.7,0,0,0,DDWDL,WWLDL
2024-09-06,Wales,Turkey,1503,1838,-336,0.75,1.75,0.375,1.3,1.9,1.3,0,0,1,LDLLD,WLWWL
2024-09-06,Slovenia,Austria,1828,1973,-145,1.1,0.7,1.6,2.1,1.0,2.0,0,0,1,DDDDD,DLWWL
2024-09-07,USA,Canada,1792,1821,-30,1.7,1.3,1.3,0.7,1.7,0.8,0,1,0,LDWLL,WDDLD
2024-09-07,Netherlands,Bosnia & Herzegovina,2004,1496,508,2.3,0.9,1.9,0.0,2.0,0.0,0,0,2,DLWWL,LL
2024-09-07,Germany,Hungary,2001,1712,290,1.7,0.8,2.0,1.1,1.0,1.6,0,0,2,WWDWL,LWLLW
2024-09-07,Rep. Of Ireland,England,1568,1969,-401,0.8333333333333334,1.1666666666666667,0.8333333333333334,1.3,0.9,1.6,0,0,0,LDDLL,DWDWL
2024-09-07,Ukraine,Albania,1541,1680,-139,0.6,1.2,0.8,1.3,1.3,1.1,0,0,0,LDDDD,WWLDL
2024-09-08,Denmark,Serbia,1889,1823,66,1.1,0.7,1.6,0.9,1.1,1.2,0,0,2,DDDLW,WLDDD
2024-09-08,Croatia,Poland,2063,1665,398,1.7,1.3,1.6,1.2,1.4,1.4,0,0,2,WLDDL,WLLDW
2024-09-08,Switzerland,Spain,1994,2181,-187,1.4,0.7,1.7,2.5,0.5,2.8,0,0,0,DDWDL,WWWWD
2024-09-08,Portugal,Scotland,1889,1671,218,1.5,1.0,1.7,1.0,2.4,0.5,0,0,2,WLDDW,DLDLL
2024-09-08,Mexico,New Zealand,1822,1583,239,1.3,1.6,1.2,0.5555555555555556,1.3333333333333333,0.7777777777777778,0,1,2,LLWLD,LLDLD
2024-09-09,Israel,Italy,1603,1991,-387,1.6666666666666667,1.6666666666666667,2.0,1.4,0.9,2.0,0,0,0,WWL,WLDLW
2024-09-09,Slovenia,Kazakhstan,1831,1500,331,1.1,0.7,1.6,1.0,1.0,1.0,0,0,2,DDDDD,-----
2024-09-09,Norway,Austria,1537,1922,-386,0.6,1.4,0.8,2.1,1.0,2.0,0,0,2,WDLLL,LWWLD
2024-09-09,Turkey,Iceland,1818,1661,157,1.0,1.7,1.1,1.0,1.2,1.6,0,0,2,LWWLD,DDWWL
2024-09-09,France,Belgium,1985,1884,101,1.1,0.8,1.6,1.3,0.5,1.8,0,0,2,DWDLL,LWDLW
2024-09-10,England,Finland,1952,1496,456,1.3,0.7,1.8,2.0,3.0,0.5,0,0,2,WDWLW,LD
2024-09-10,Albania,Georgia,1675,1566,109,1.4,1.2,1.4,1.3333333333333333,2.3333333333333335,1.0,0,0,0,WLDLW,LWL
2024-09-10,Netherlands,Germany,1963,1979,-16,2.4,1.1,1.9,2.2,0.6,2.3,0,0,1,LWWLW,WDWLW
2024-09-10,USA,New Zealand,1777,1590,187,1.5,1.5,1.0,0.5,1.5,0.7,0,1,1,DWLLL,LDLDL
2024-09-11,Mexico,Canada,1828,1831,-4,1.3,1.3,1.4,0.7,1.6,1.0,0,1,1,LWLDW,DDLDW
2024-10-10,Israel,France,1595,1932,-337,1.5,1.75,1.5,1.0,0.6,1.6,0,0,0,WWLL,WDLLW
2024-10-10,Austria,Kazakhstan,1923,1500,423,2.0,1.2,1.7,0.0,3.0,0.0,0,0,2,WWLDL,L
2024-10-10,Norway,Slovenia,1532,1831,-299,0.8333333333333334,1.3333333333333333,1.1666666666666667,1.3,0.7,1.6,0,0,2,DLLLW,DDDDW
2024-10-10,England,Greece,1966,1546,419,1.2,0.7,1.8,1.5,1.0,1.5,0,0,0,DWLWW,WL
2024-10-10,Italy,Belgium,2044,1892,151,1.3,0.8,2.0,1.2,0.7,1.5,0,0,1,LDLWW,WDLWL
2024-10-11,Hungary,Netherlands,1745,1967,-222,1.0,1.5,1.3,2.5,1.1,2.0,0,0,1,WLLWL,WWLWD
2024-10-11,Czech Republic,Albania,1546,1707,-161,0.875,2.125,0.5,1.3,1.2,1.3,0,0,2,LLLLL,LDLWL
2024-10-11,Turkey,Montenegro,1807,1500,307,1.3,1.7,1.4,0.0,2.0,0.0,0,0,2,WWLDW,L
2024-10-11,Bosnia & Herzegovina,Germany,1495,1993,-498,0.6666666666666666,3.0,0.0,2.2,0.8,2.1,0,0,0,LLL,DWLWD
2024-10-12,Croatia,Scotland,2022,1628,395,1.4,1.1,1.6,1.0,2.3,0.5,0,0,2,LDDLW,LDLLL
2024-10-12,Spain,Denmark,2168,1931,237,2.4,0.6,2.8,1.3,0.6,1.9,0,0,2,WWWDW,DDLWW
2024-10-12,Serbia,Switzerland,1835,1951,-116,0.6,1.1,0.9,1.5,1.1,1.6,0,0,2,LDDDL,DWDLL
2024-10-12,Poland,Portugal,1709,1930,-221,1.2,1.5,1.3,1.7,0.9,2.0,0,0,0,LLDWL,LDDWW
2024-10-13,USA,Panama,1739,1867,-128,1.2,1.6,0.8,1.5,1.6,1.4,0,1,2,WLLLD,LLWWL
2024-10-13,Austria,Norway,1866,1589,277,2.2,1.2,1.7,1.1428571428571428,1.1428571428571428,1.4285714285714286,0,0,2,WLDLW,LLLWW
2024-10-13,Finland,England,1511,1969,-457,1.3333333333333333,2.6666666666666665,0.3333333333333333,1.3,0.8,1.8,0,0,0,LDL,WLWWL
2024-10-13,Kazakhstan,Slovenia,1493,1838,-346,0.0,3.5,0.0,1.1,0.8,1.5,0,0,0,LL,DDDWL
2024-10-14,Georgia,Albania,1562,1652,-91,1.25,1.75,1.5,1.1,1.4,1.0,0,0,0,LWLW,DLWLL
2024-10-14,Belgium,France,1866,1958,-91,1.4,0.9,1.5,1.1,0.7,1.6,0,0,0,DLWLD,DLLWW
2024-10-14,Iceland,Turkey,1653,1823,-170,1.0,1.5,1.3333333333333333,1.3,1.1,1.7,0,0,0,DWWLL,WLDWW
2024-10-14,Germany,Netherlands,1997,1962,35,2.2,0.8,2.1,2.2,1.2,1.8,0,0,2,WLWDW,WLWDD
2024-10-14,Italy,Israel,2052,1587,465,1.3,0.9,1.8,1.4,2.2,1.2,0,0,2,DLWWD,WWLLL
2024-10-14,New Zealand,Malaysia,1578,1500,78,0.6,1.6,0.7,1.0,1.0,1.0,0,0,2,DLDLD,-----
2024-10-15,Canada,Panama,1870,1851,19,0.6,1.2,1.1,1.3,1.6,1.3,0,1,2,DLDWD,LWWLL
2024-10-15,Scotland,Portugal,1622,1936,-315,1.0,2.1,0.5,1.6,0.8,2.0,0,0,1,DLLLL,DDWWW
2024-10-15,Poland,Croatia,1703,2028,-325,1.1,1.8,1.0,1.6,1.2,1.8,0,0,1,LDWLL,DDLWW
2024-10-15,Switzerland,Denmark,1919,1952,-33,1.4,1.3,1.3,1.3,0.7,1.8,0,0,1,WDLLL,DLWWL
2024-10-15,Spain,Serbia,2201,1815,386,2.0,0.5,2.8,0.8,1.0,1.2,0,0,2,WWDWW,DDDLW
2024-10-16,Mexico,USA,1840,1726,114,1.1,1.3,1.2,1.3,1.3,1.1,0,1,2,WLDWD,LLLDW
2024-11-14,Kazakhstan,Austria,1486,1872,-386,0.0,2.6666666666666665,0.0,2.1,1.2,1.7,0,0,0,LLL,LDLWW
2024-11-14,Belgium,Italy,1880,2038,-158,1.3,0.9,1.4,1.5,1.0,1.8,0,0,0,LWLDL,LWWDW
2024-11-14,France,Israel,1974,1570,404,1.3,0.8,1.8,1.3333333333333333,2.5,1.0,0,0,1,LLWWW,WLLLL
2024-11-14,Slovenia,Norway,1771,1656,115,1.0,0.8,1.5,1.125,1.625,1.25,0,0,0,DDWLW,LLWWL
2024-11-14,Greece,England,1542,1904,-362,1.6666666666666667,1.0,2.0,1.5,0.9,1.8,0,0,0,WLW,LWWLW
2024-11-15,Scotland,Croatia,1618,2032,-414,1.0,1.7,0.6,1.9,1.5,1.8,0,0,2,LLLLD,DLWWD
2024-11-15,Portugal,Poland,1963,1677,286,1.5,0.6,2.1,1.4,1.9,1.1,0,0,2,DWWWD,DWLLD
2024-11-15,Denmark,Spain,1944,2209,-265,1.3,0.9,1.6,2.0,0.5,2.8,0,0,0,LWWLD,WDWWW
2024-11-15,Switzerland,Serbia,1877,1857,19,1.2,1.5,1.1,0.8,0.9,1.2,0,0,1,DLLLD,DDLWL
2024-11-16,Turkey,Wales,1828,1512,316,1.7,1.3,1.9,0.6666666666666666,1.5555555555555556,0.4444444444444444,0,0,1,LDWWW,DLLDD
2024-11-16,Germany,Bosnia & Herzegovina,2003,1491,512,2.3,0.8,2.3,0.75,2.75,0.0,0,0,2,LWDWW,LLLL
2024-11-16,Albania,Czech Republic,1608,1531,77,1.2,1.1,1.3,1.0,1.8888888888888888,0.7777777777777778,0,0,1,LWLLW,LLLLW
2024-11-16,Netherlands,Hungary,1955,1731,225,1.8,1.3,1.5,1.0,1.4,1.4,0,0,2,LWDDL,LLWLD
2024-11-17,England,Rep. Of Ireland,1917,1561,356,1.7,0.8,2.0,0.7142857142857143,1.2857142857142858,0.7142857142857143,0,0,2,WWLWW,DDLLL
2024-11-17,Austria,Slovenia,1887,1789,98,2.1,1.1,1.7,0.9,1.1,1.2,0,0,1,DLWWW,DWLWL
2024-11-17,Italy,France,2042,2009,33,1.6,1.0,2.0,1.2,0.8,1.6,0,0,0,WWDWW,LWWWD
2024-11-17,Israel,Belgium,1567,1845,-279,1.1428571428571428,2.142857142857143,1.0,1.1,1.0,1.1,0,0,2,LLLLD,WLDLL
2024-11-18,Poland,Scotland,1689,1630,59,1.4,2.1,1.1,1.1,1.6,0.9,0,0,0,WLLDL,LLLDW
2024-11-18,Serbia,Denmark,1851,1946,-95,0.8,1.0,1.0,1.2,1.0,1.3,0,0,1,DLWLD,WWLDL
2024-11-18,Croatia,Portugal,2019,1951,68,1.5,1.4,1.5,1.7,0.7,2.1,0,0,1,LWWDL,WWWDW
2024-11-18,Spain,Switzerland,2215,1875,340,2.1,0.6,2.8,1.2,1.5,1.1,0,0,2,DWWWW,LLLDD
2024-11-19,Hungary,Germany,1738,2023,-286,0.9,1.7,1.3,2.8,0.7,2.3,0,0,1,LWLDL,WDWWW
2024-11-19,Albania,Ukraine,1652,1557,95,1.2,1.0,1.4,0.6666666666666666,1.3333333333333333,0.6666666666666666,0,0,0,WLLWD,DDDDL
2024-11-19,Montenegro,Turkey,1497,1860,-363,0.0,1.5,0.0,1.6,1.1,2.0,0,0,2,LL,DWWWD
2024-11-19,Bosnia & Herzegovina,Netherlands,1485,1935,-450,0.6,3.6,0.0,2.0,1.2,1.5,0,0,1,LLLLL,WDDLW
2024-12-17,Saudi Arabia,Trinidad and Tobago,1592,1495,97,1.0,1.5,0.8,0.3333333333333333,1.8333333333333333,0.8333333333333334,0,0,2,DLWDW,DLLLD
2025-03-19,Eswatini,Cameroon,1500,1760,-260,0.0,0.0,1.0,1.5,1.3,1.3,0,0,1,D,LWLWD
2025-03-19,Liberia,Tunisia,1500,1811,-311,1.0,1.0,1.0,0.5,0.2,1.5,0,0,0,-----,DDDWD
2025-03-20,Comoros,Mali,1500,1790,-290,1.0,1.0,1.0,1.7,0.8,1.8,0,0,0,-----,LWWLD
2025-03-20,Netherlands,Spain,1951,2234,-283,2.1,1.3,1.5,2.3,0.8,2.8,0,0,1,DDLWD,WWWWW
2025-03-20,Austria,Serbia,1898,1858,41,2.1,1.1,1.7,0.7,0.8,1.1,0,0,1,LWWWD,LWLDD
2025-03-20,Slovakia,Slovenia,1550,1712,-162,0.6666666666666666,1.3333333333333333,1.0,0.9,1.1,1.2,0,0,1,LWL,WLWLD
2025-03-20,Ukraine,Belgium,1525,1821,-296,0.8571428571428571,1.2857142857142858,1.0,0.8,1.1,0.8,0,0,2,DDDLW,LDLLL
2025-03-20,Greece,Scotland,1607,1687,-80,1.25,1.5,1.5,1.1,1.7,0.9,0,0,0,WLWL,LLDWW
2025-03-20,Denmark,Portugal,1927,1962,-35,0.9,0.9,1.1,1.6,0.7,1.9,0,0,2,WLDLD,WWDWD
2025-03-20,Croatia,France,1962,1990,-28,1.3,1.5,1.3,1.5,0.9,1.8,0,0,2,WWDLD,WWWDW
2025-03-20,Turkey,Hungary,1843,1722,121,1.4,1.3,1.7,0.6,1.8,1.1,0,0,2,WWWDL,WLDLD
2025-03-20,Italy,Germany,2066,2026,40,1.6,1.3,1.7,2.4,0.7,2.1,0,0,0,WDWWL,DWWWD
2025-03-21,Rwanda,Nigeria,1500,1766,-266,2.0,0.0,3.0,1.1,0.9,1.7,0,0,0,W,LWLDL
2025-03-21,Ethiopia,Egypt,1500,1769,-269,1.0,1.0,1.0,1.7,1.3,1.7,0,0,0,-----,DWLWD
2025-03-21,Niger,Morocco,1500,1893,-393,0.0,1.0,0.0,1.9,0.5,2.3,0,0,0,L,LWDWW
2025-03-22,Sudan,Senegal,1500,1936,-436,1.0,1.0,1.0,1.6,0.3,2.4,0,0,1,-----,DWWDW
2025-03-23,France,Croatia,2052,1957,96,1.4,1.0,1.7,1.3,1.4,1.3,0,0,2,WWDWL,WDLDW
2025-03-23,Germany,Italy,2016,2005,11,2.4,0.8,2.1,1.5,1.4,1.4,0,0,1,WWWDW,DWWLL
2025-03-23,Spain,Netherlands,2238,1935,303,2.1,0.9,2.6,2.1,1.2,1.6,0,0,1,WWWWD,DLWDD
2025-03-23,Belgium,Ukraine,1774,1577,197,0.9,1.3,0.8,1.125,1.25,1.25,0,0,2,DLLLL,DDLWW
2025-03-23,Portugal,Denmark,1968,1929,39,1.3,0.8,1.6,0.9,0.8,1.3,0,0,2,WDWDL,LDLDW
2025-03-23,Slovenia,Slovakia,1725,1542,183,0.8,1.0,1.2,0.5,1.0,1.0,0,0,2,LWLDD,LWLD
2025-03-23,Hungary,Turkey,1732,1775,-42,0.6,2.1,0.8,1.7,1.1,2.0,0,0,0,LDLDL,WWDLW
2025-03-23,Serbia,Austria,1856,1885,-29,0.5,0.9,0.9,2.2,1.1,1.8,0,0,2,WLDDD,WWWDD
2025-03-23,Scotland,Greece,1730,1585,145,1.0,1.5,1.1,1.0,1.4,1.2,0,0,0,LDWWW,WLWLL
2025-03-24,Central African Republic,Mali,1500,1780,-280,1.0,1.0,1.0,1.4,0.6,1.8,0,0,1,D,WWLDW
2025-03-24,Tunisia,Malawi,1803,1500,303,0.5,0.2,1.5,0.0,1.0,0.0,0,0,2,DDWDW,L
2025-03-25,Morocco,Tanzania,1911,1479,432,1.9,0.6,2.3,0.0,1.75,0.25,0,0,2,WDWWW,LLLD
2025-03-25,Senegal,Togo,1946,1500,446,1.6,0.3,2.4,0.0,0.0,1.0,0,0,2,WWDWD,D
2025-03-25,Cameroon,Libya,1751,1599,152,1.5,1.2,1.4,2.3333333333333335,0.6666666666666666,2.3333333333333335,0,0,2,WLWDD,DWW
2025-03-25,Benin,South Africa,1490,1760,-270,1.0,1.3333333333333333,1.0,1.5,0.7,1.6,0,0,0,LLW,DDDDW
2025-03-25,Nigeria,Zimbabwe,1717,1513,203,1.2,0.9,1.7,1.0,2.0,0.5,0,0,1,WLDLW,DL
2025-03-25,Egypt,Sierra Leone,1759,1479,280,1.7,1.3,1.7,0.5,2.5,0.0,0,0,2,WLWDW,LL
2025-06-04,Germany,Portugal,2058,1940,118,2.6,1.0,2.1,1.8,0.8,1.9,0,0,0,WWDWD,DWDLW
2025-06-05,Spain,France,2228,2011,217,2.2,1.1,2.4,1.5,1.0,1.7,0,0,2,WWWDD,WDWLW
2025-06-08,Germany,France,2048,2039,9,2.5,1.2,1.8,1.9,1.5,1.6,0,0,0,WDWDL,DWLWL
2025-06-08,Portugal,Spain,1977,2212,-235,2.0,0.9,2.1,2.5,1.4,2.4,0,0,1,WDLWW,WWDDW
2025-09-04,Cameroon,Eswatini,1743,1516,227,1.5,1.3,1.4,0.0,0.0,1.0,0,0,2,LWDDW,DD
2025-09-04,Tunisia,Liberia,1819,1500,319,0.7,0.2,1.7,0.0,1.0,0.0,0,0,2,DWDWW,L
2025-09-04,Mali,Comoros,1805,1500,305,1.2,0.6,1.6,0.0,3.0,0.0,0,0,2,WLDWD,L
2025-09-05,Morocco,Niger,1921,1497,424,1.8,0.5,2.3,0.5,1.5,0.0,0,0,2,DWWWW,LL
2025-09-05,Egypt,Ethiopia,1783,1500,283,1.6,1.3,1.7,0.0,2.0,0.0,0,0,2,LWDWW,L
2025-09-05,Lesotho,South Africa,1518,1770,-252,0.5,0.5,1.0,1.3,0.7,1.6,0,0,0,DD,DDDWW
2025-09-05,Senegal,Sudan,1930,1500,430,1.7,0.3,2.4,0.0,0.0,1.0,0,0,2,WDWDW,D
2025-09-06,Nigeria,Rwanda,1752,1561,191,1.2,1.0,1.5,1.0,1.0,1.5,0,0,2,LDLWD,WL
2025-09-08,Zambia,Morocco,1501,1924,-424,0.5,1.25,0.25,2.0,0.5,2.3,0,0,0,LDLL,WWWWW
2025-09-08,Equatorial Guinea,Tunisia,1514,1825,-311,0.5,1.0,0.5,0.8,0.2,1.7,0,0,0,DL,WDWWW
2025-09-08,Ghana,Mali,1541,1795,-254,1.25,2.25,0.875,1.4,0.5,1.8,0,0,2,LLDLW,LDWDW
2025-09-09,Burkina Faso,Egypt,1487,1789,-302,0.75,1.75,0.0,1.6,1.1,1.9,0,0,1,LLLL,WDWWW
2025-09-09,Congo DR,Senegal,1548,1934,-386,0.6666666666666666,0.8333333333333334,0.8333333333333334,1.6,0.3,2.4,0,0,0,DDDDD,DWDWW
2025-09-09,South Africa,Nigeria,1797,1737,60,1.6,0.7,1.8,1.1,1.0,1.5,0,0,1,DDWWW,DLWDW
2025-09-09,Cape Verde Islands,Cameroon,1538,1764,-225,0.6,1.6,0.6,1.7,1.2,1.6,0,0,2,DLDDL,WDDWW
2025-10-08,Chad,Mali,1500,1803,-303,1.0,3.0,0.0,1.4,0.6,1.7,0,0,0,L,DWDWL
2025-10-08,Djibouti,Egypt,1500,1796,-296,0.0,6.0,0.0,1.4,0.9,1.9,0,0,0,L,DWWWD
2025-10-08,Mauritius,Cameroon,1500,1775,-275,0.0,3.0,0.0,1.6,1.2,1.5,0,0,0,L,DDWWL
2025-10-10,South Sudan,Senegal,1493,1939,-446,0.0,3.5,0.0,1.6,0.4,2.4,0,0,0,LL,WDWWW
2025-10-10,Sao Tome and Principe,Tunisia,1500,1832,-332,0.0,4.0,0.0,0.9,0.1,2.0,0,0,0,L,DWWWW
2025-10-10,Lesotho,Nigeria,1531,1746,-215,0.3333333333333333,1.3333333333333333,0.6666666666666666,1.1,1.1,1.3,0,0,0,DDL,LWDWD
2025-10-10,Zimbabwe,South Africa,1503,1824,-320,1.0,1.6666666666666667,0.6666666666666666,1.5,0.8,1.6,0,0,1,DLD,DWWWD
2025-10-12,Egypt,Guinea-Bissau,1785,1483,302,1.5,0.7,2.1,1.0,2.6666666666666665,0.3333333333333333,0,0,2,WWWDW,LLD
2025-10-12,Mali,Madagascar,1759,1500,259,1.4,0.5,1.7,0.0,0.0,1.0,0,0,2,WDWLW,D
2025-10-13,Tunisia,Namibia,1847,1553,294,1.4,0.0,2.2,0.2,0.8,1.2,0,0,2,WWWWW,DWLDD
2025-10-13,Cameroon,Angola,1728,1481,247,1.7,1.1,1.7,0.25,1.75,0.25,0,0,1,DWWLW,LLLD
2025-10-14,Senegal,Mauritania,1950,1528,423,1.9,0.4,2.4,0.0,0.75,0.5,0,0,2,DWWWW,DLDL
2025-10-14,Nigeria,Benin,1756,1540,216,1.2,1.1,1.5,0.75,1.5,0.75,0,0,2,WDWDW,LLWL
2025-10-14,South Africa,Rwanda,1814,1526,289,1.5,0.8,1.6,0.6666666666666666,1.0,1.0,0,0,2,WWWDD,WLL
2025-10-14,Morocco,Congo,1929,1500,429,2.1,0.4,2.5,0.0,6.0,0.0,0,0,2,WWWWW,L
2025-11-13,Cameroon,Congo DR,1754,1566,188,1.6,0.8,1.8,0.8571428571428571,1.1428571428571428,0.7142857142857143,0,0,0,WWLWD,DDDDL
2025-11-13,Nigeria,Gabon,1776,1500,276,1.5,0.9,1.8,0.0,3.0,0.0,0,0,2,DWDWW,L
2025-11-16,Nigeria,Congo DR,1787,1554,233,1.7,0.9,1.8,0.875,1.0,1.0,0,0,1,WDWWW,DDDLW
